index, path, x, y, parent, type, sourceId, targetId, value
0, 0, 0, 279.3726598375133, 0, node, "Accessories" , "Accessories", 360
0, 1, 161, 279.3726598375133, 0, node, "Accessories" , "Accessories", 360
0, 2, 161, 398.39773931472985, 0, node, "Accessories" , "Accessories", 360
0, 3, 0, 398.39773931472985, 0, node, "Accessories" , "Accessories", 360
1, 0, 914, 0, 1, node, "Store Pickup" , "Store Pickup", 248.5
1, 1, 1075, 0, 1, node, "Store Pickup" , "Store Pickup", 248.5
1, 2, 1075, 82.1603673613564, 1, node, "Store Pickup" , "Store Pickup", 248.5
1, 3, 914, 82.1603673613564, 1, node, "Store Pickup" , "Store Pickup", 248.5
2, 0, 914, 493.7746379371245, 2, node, "Standard" , "Standard", 224.5
2, 1, 1075, 493.7746379371245, 2, node, "Standard" , "Standard", 224.5
2, 2, 1075, 567.9999999999998, 2, node, "Standard" , "Standard", 224.5
2, 3, 914, 567.9999999999998, 2, node, "Standard" , "Standard", 224.5
3, 0, 914, 397.06958671847406, 3, node, "Next Day Air" , "Next Day Air", 232
3, 1, 1075, 397.06958671847406, 3, node, "Next Day Air" , "Next Day Air", 232
3, 2, 1075, 473.7746379371245, 3, node, "Next Day Air" , "Next Day Air", 232
3, 3, 914, 473.7746379371245, 3, node, "Next Day Air" , "Next Day Air", 232
4, 0, 914, 102.1603673613564, 4, node, "Free Shipping" , "Free Shipping", 239
4, 1, 1075, 102.1603673613564, 4, node, "Free Shipping" , "Free Shipping", 239
4, 2, 1075, 181.17979512539736, 4, node, "Free Shipping" , "Free Shipping", 239
4, 3, 914, 181.17979512539736, 4, node, "Free Shipping" , "Free Shipping", 239
5, 0, 914, 201.17979512539736, 5, node, "Express" , "Express", 236.5
5, 1, 1075, 201.17979512539736, 5, node, "Express" , "Express", 236.5
5, 2, 1075, 279.3726598375132, 5, node, "Express" , "Express", 236.5
5, 3, 914, 279.3726598375132, 5, node, "Express" , "Express", 236.5
6, 0, 914, 299.3726598375132, 6, node, "2 days shipping" , "2 days shipping", 235
6, 1, 1075, 299.3726598375132, 6, node, "2 days shipping" , "2 days shipping", 235
6, 2, 1075, 377.06958671847406, 6, node, "2 days shipping" , "2 days shipping", 235
6, 3, 914, 377.06958671847406, 6, node, "2 days shipping" , "2 days shipping", 235
7, 0, 0, 0, 7, node, "Clothing" , "Clothing", 362
7, 1, 161, 0, 7, node, "Clothing" , "Clothing", 362
7, 2, 161, 119.68632991875674, 7, node, "Clothing" , "Clothing", 362
7, 3, 0, 119.68632991875674, 7, node, "Clothing" , "Clothing", 362
8, 0, 0, 139.68632991875674, 8, node, "Footwear" , "Footwear", 362
8, 1, 161, 139.68632991875674, 8, node, "Footwear" , "Footwear", 362
8, 2, 161, 259.3726598375133, 8, node, "Footwear" , "Footwear", 362
8, 3, 0, 259.3726598375133, 8, node, "Footwear" , "Footwear", 362
9, 0, 0, 418.39773931472985, 9, node, "Outerwear" , "Outerwear", 331.5
9, 1, 161, 418.39773931472985, 9, node, "Outerwear" , "Outerwear", 331.5
9, 2, 161, 528, 9, node, "Outerwear" , "Outerwear", 331.5
9, 3, 0, 528, 9, node, "Outerwear" , "Outerwear", 331.5
0, 0, 161, 360.37583892617454, 0, link, Accessories, Store Pickup, 59
0,60, 161, 379.8827269516072, 0, link, Accessories, Store Pickup, 59
0, 1, 178.37555313110352, 360.1432775715054, 0, link, Accessories, Store Pickup, 59
0,59, 178.37555313110352, 379.65016559693805, 0, link, Accessories, Store Pickup, 59
0, 2, 211.54105758666992, 358.32685099082636, 0, link, Accessories, Store Pickup, 59
0,58, 211.54105758666992, 377.833739016259, 0, link, Accessories, Store Pickup, 59
0, 3, 242.70732498168945, 354.80660648541334, 0, link, Accessories, Store Pickup, 59
0,57, 242.70732498168945, 374.313494510846, 0, link, Accessories, Store Pickup, 59
0, 4, 272.01223373413086, 349.7000487397308, 0, link, Accessories, Store Pickup, 59
0,56, 272.01223373413086, 369.20693676516345, 0, link, Accessories, Store Pickup, 59
0, 5, 299.5936622619629, 343.1246824382431, 0, link, Accessories, Store Pickup, 59
0,55, 299.5936622619629, 362.63157046367576, 0, link, Accessories, Store Pickup, 59
0, 6, 325.5894889831543, 335.19801226541466, 0, link, Accessories, Store Pickup, 59
0,54, 325.5894889831543, 354.7049002908473, 0, link, Accessories, Store Pickup, 59
0, 7, 350.1375923156738, 326.03754290570987, 0, link, Accessories, Store Pickup, 59
0,53, 350.1375923156738, 345.54443093114253, 0, link, Accessories, Store Pickup, 59
0, 8, 373.37585067749023, 315.7607790435932, 0, link, Accessories, Store Pickup, 59
0,52, 373.37585067749023, 335.26766706902583, 0, link, Accessories, Store Pickup, 59
0, 9, 395.44214248657227, 304.48522536352897, 0, link, Accessories, Store Pickup, 59
0,51, 395.44214248657227, 323.9921133889616, 0, link, Accessories, Store Pickup, 59
0, 10, 416.4743461608887, 292.3283865499817, 0, link, Accessories, Store Pickup, 59
0,50, 416.4743461608887, 311.83527457541436, 0, link, Accessories, Store Pickup, 59
0, 11, 436.6103401184082, 279.4077672874157, 0, link, Accessories, Store Pickup, 59
0,49, 436.6103401184082, 298.91465531284837, 0, link, Accessories, Store Pickup, 59
0, 12, 455.9880027770996, 265.8408722602955, 0, link, Accessories, Store Pickup, 59
0,48, 455.9880027770996, 285.34776028572816, 0, link, Accessories, Store Pickup, 59
0, 13, 483.9342346191406, 244.53580415834185, 0, link, Accessories, Store Pickup, 59
0,47, 483.9342346191406, 264.04269218377453, 0, link, Accessories, Store Pickup, 59
0, 14, 519.8285827636719, 214.96379190146482, 0, link, Accessories, Store Pickup, 59
0,46, 519.8285827636719, 234.47067992689753, 0, link, Accessories, Store Pickup, 59
0, 15, 555.1714172363281, 184.9217609067302, 0, link, Accessories, Store Pickup, 59
0,45, 555.1714172363281, 204.42864893216293, 0, link, Accessories, Store Pickup, 59
0, 16, 591.0657653808594, 155.3497486498532, 0, link, Accessories, Store Pickup, 59
0,44, 591.0657653808594, 174.85663667528593, 0, link, Accessories, Store Pickup, 59
0, 17, 619.0119972229004, 134.04468054789953, 0, link, Accessories, Store Pickup, 59
0,43, 619.0119972229004, 153.55156857333225, 0, link, Accessories, Store Pickup, 59
0, 18, 638.3896598815918, 120.47778552077929, 0, link, Accessories, Store Pickup, 59
0,42, 638.3896598815918, 139.984673546212, 0, link, Accessories, Store Pickup, 59
0, 19, 658.5256538391113, 107.55716625821336, 0, link, Accessories, Store Pickup, 59
0,41, 658.5256538391113, 127.06405428364607, 0, link, Accessories, Store Pickup, 59
0, 20, 679.5578575134277, 95.40032744466606, 0, link, Accessories, Store Pickup, 59
0,40, 679.5578575134277, 114.90721547009878, 0, link, Accessories, Store Pickup, 59
0, 21, 701.6241493225098, 84.12477376460188, 0, link, Accessories, Store Pickup, 59
0,39, 701.6241493225098, 103.6316617900346, 0, link, Accessories, Store Pickup, 59
0, 22, 724.8624076843262, 73.84800990248519, 0, link, Accessories, Store Pickup, 59
0,38, 724.8624076843262, 93.3548979279179, 0, link, Accessories, Store Pickup, 59
0, 23, 749.4105110168457, 64.68754054278043, 0, link, Accessories, Store Pickup, 59
0,37, 749.4105110168457, 84.19442856821314, 0, link, Accessories, Store Pickup, 59
0, 24, 775.4063377380371, 56.760870369951974, 0, link, Accessories, Store Pickup, 59
0,36, 775.4063377380371, 76.26775839538469, 0, link, Accessories, Store Pickup, 59
0, 25, 802.9877662658691, 50.185504068464255, 0, link, Accessories, Store Pickup, 59
0,35, 802.9877662658691, 69.69239209389697, 0, link, Accessories, Store Pickup, 59
0, 26, 832.2926750183105, 45.07894632278169, 0, link, Accessories, Store Pickup, 59
0,34, 832.2926750183105, 64.5858343482144, 0, link, Accessories, Store Pickup, 59
0, 27, 863.4589424133301, 41.558701817368686, 0, link, Accessories, Store Pickup, 59
0,33, 863.4589424133301, 61.06558984280139, 0, link, Accessories, Store Pickup, 59
0, 28, 896.6244468688965, 39.742275236689636, 0, link, Accessories, Store Pickup, 59
0,32, 896.6244468688965, 59.24916326212235, 0, link, Accessories, Store Pickup, 59
0, 29, 914, 39.50971388202049, 0, link, Accessories, Store Pickup, 59
0,31, 914, 59.01660190745321, 0, link, Accessories, Store Pickup, 59
1, 0, 161, 379.88272695160725, 0, link, Accessories, Standard, 56
1,52, 161, 398.3977393147298, 0, link, Accessories, Standard, 56
1, 1, 178.37555313110352, 379.9941509304768, 0, link, Accessories, Standard, 56
1,51, 178.37555313110352, 398.50916329359933, 0, link, Accessories, Standard, 56
1, 2, 211.54105758666992, 380.86443084964736, 0, link, Accessories, Standard, 56
1,50, 211.54105758666992, 399.3794432127699, 0, link, Accessories, Standard, 56
1, 3, 242.70732498168945, 382.5510380245359, 0, link, Accessories, Standard, 56
1,49, 242.70732498168945, 401.06605038765844, 0, link, Accessories, Standard, 56
1, 4, 272.01223373413086, 384.99767402371344, 0, link, Accessories, Standard, 56
1,48, 272.01223373413086, 403.512686386836, 0, link, Accessories, Standard, 56
1, 5, 299.5936622619629, 388.1480404157514, 0, link, Accessories, Standard, 56
1,47, 299.5936622619629, 406.6630527788739, 0, link, Accessories, Standard, 56
1, 6, 325.5894889831543, 391.9458387692208, 0, link, Accessories, Standard, 56
1,46, 325.5894889831543, 410.46085113234335, 0, link, Accessories, Standard, 56
1, 7, 350.1375923156738, 396.33477065269284, 0, link, Accessories, Standard, 56
1,45, 350.1375923156738, 414.8497830158154, 0, link, Accessories, Standard, 56
1, 8, 373.37585067749023, 401.25853763473873, 0, link, Accessories, Standard, 56
1,44, 373.37585067749023, 419.77354999786127, 0, link, Accessories, Standard, 56
1, 9, 406.0788879394531, 409.52385109888286, 0, link, Accessories, Standard, 56
1,43, 406.0788879394531, 428.0388634620054, 0, link, Accessories, Standard, 56
1, 10, 446.3853454589844, 421.8907398694145, 0, link, Accessories, Standard, 56
1,42, 446.3853454589844, 440.40575223253705, 0, link, Accessories, Standard, 56
1, 11, 483.9342346191406, 435.3835972685226, 0, link, Accessories, Standard, 56
1,41, 483.9342346191406, 453.8986096316451, 0, link, Accessories, Standard, 56
1, 12, 519.8285827636719, 449.5520358447766, 0, link, Accessories, Standard, 56
1,40, 519.8285827636719, 468.0670482078991, 0, link, Accessories, Standard, 56
1, 13, 555.1714172363281, 463.9456681467458, 0, link, Accessories, Standard, 56
1,39, 555.1714172363281, 482.4606805098683, 0, link, Accessories, Standard, 56
1, 14, 591.0657653808594, 478.1141067229998, 0, link, Accessories, Standard, 56
1,38, 591.0657653808594, 496.62911908612233, 0, link, Accessories, Standard, 56
1, 15, 628.6146545410156, 491.60696412210785, 0, link, Accessories, Standard, 56
1,37, 628.6146545410156, 510.1219764852304, 0, link, Accessories, Standard, 56
1, 16, 668.9211120605469, 503.9738528926395, 0, link, Accessories, Standard, 56
1,36, 668.9211120605469, 522.4888652557621, 0, link, Accessories, Standard, 56
1, 17, 701.6241493225098, 512.2391663567835, 0, link, Accessories, Standard, 56
1,35, 701.6241493225098, 530.7541787199061, 0, link, Accessories, Standard, 56
1, 18, 724.8624076843262, 517.1629333388295, 0, link, Accessories, Standard, 56
1,34, 724.8624076843262, 535.6779457019521, 0, link, Accessories, Standard, 56
1, 19, 749.4105110168457, 521.5518652223014, 0, link, Accessories, Standard, 56
1,33, 749.4105110168457, 540.0668775854241, 0, link, Accessories, Standard, 56
1, 20, 775.4063377380371, 525.3496635757709, 0, link, Accessories, Standard, 56
1,32, 775.4063377380371, 543.8646759388936, 0, link, Accessories, Standard, 56
1, 21, 802.9877662658691, 528.5000299678089, 0, link, Accessories, Standard, 56
1,31, 802.9877662658691, 547.0150423309316, 0, link, Accessories, Standard, 56
1, 22, 832.2926750183105, 530.9466659669865, 0, link, Accessories, Standard, 56
1,30, 832.2926750183105, 549.4616783301092, 0, link, Accessories, Standard, 56
1, 23, 863.4589424133301, 532.6332731418751, 0, link, Accessories, Standard, 56
1,29, 863.4589424133301, 551.1482855049977, 0, link, Accessories, Standard, 56
1, 24, 896.6244468688965, 533.5035530610454, 0, link, Accessories, Standard, 56
1,28, 896.6244468688965, 552.0185654241681, 0, link, Accessories, Standard, 56
1, 25, 914, 533.6149770399151, 0, link, Accessories, Standard, 56
1,27, 914, 552.1299894030377, 0, link, Accessories, Standard, 56
2, 0, 161, 341.1995761215119, 0, link, Accessories, Next Day Air, 58
2,32, 161, 360.37583892617454, 0, link, Accessories, Next Day Air, 58
2, 1, 195.21682739257812, 341.473661616092, 0, link, Accessories, Next Day Air, 58
2,31, 195.21682739257812, 360.64992442075464, 0, link, Accessories, Next Day Air, 58
2, 2, 257.5838317871094, 343.5613766599148, 0, link, Accessories, Next Day Air, 58
2,30, 257.5838317871094, 362.73763946457746, 0, link, Accessories, Next Day Air, 58
2, 3, 312.7811584472656, 347.4685528592481, 0, link, Accessories, Next Day Air, 58
2,29, 312.7811584472656, 366.6448156639108, 0, link, Accessories, Next Day Air, 58
2, 4, 361.9118347167969, 352.91527311324404, 0, link, Accessories, Next Day Air, 58
2,28, 361.9118347167969, 372.0915359179067, 0, link, Accessories, Next Day Air, 58
2, 5, 406.0788879394531, 359.6216203210548, 0, link, Accessories, Next Day Air, 58
2,27, 406.0788879394531, 378.7978831257175, 0, link, Accessories, Next Day Air, 58
2, 6, 446.3853454589844, 367.30767738183283, 0, link, Accessories, Next Day Air, 58
2,26, 446.3853454589844, 386.4839401864955, 0, link, Accessories, Next Day Air, 58
2, 7, 502.019287109375, 380.0614002892088, 0, link, Accessories, Next Day Air, 58
2,25, 502.019287109375, 399.23766309387145, 0, link, Accessories, Next Day Air, 58
2, 8, 572.980712890625, 397.8827890431827, 0, link, Accessories, Next Day Air, 58
2,24, 572.980712890625, 417.05905184784535, 0, link, Accessories, Next Day Air, 58
2, 9, 628.6146545410156, 410.6365119505586, 0, link, Accessories, Next Day Air, 58
2,23, 628.6146545410156, 429.81277475522126, 0, link, Accessories, Next Day Air, 58
2, 10, 668.9211120605469, 418.32256901133655, 0, link, Accessories, Next Day Air, 58
2,22, 668.9211120605469, 437.4988318159992, 0, link, Accessories, Next Day Air, 58
2, 11, 713.0881652832031, 425.02891621914745, 0, link, Accessories, Next Day Air, 58
2,21, 713.0881652832031, 444.2051790238101, 0, link, Accessories, Next Day Air, 58
2, 12, 762.2188415527344, 430.47563647314325, 0, link, Accessories, Next Day Air, 58
2,20, 762.2188415527344, 449.6518992778059, 0, link, Accessories, Next Day Air, 58
2, 13, 817.4161682128906, 434.3828126724766, 0, link, Accessories, Next Day Air, 58
2,19, 817.4161682128906, 453.55907547713923, 0, link, Accessories, Next Day Air, 58
2, 14, 879.7831726074219, 436.4705277162995, 0, link, Accessories, Next Day Air, 58
2,18, 879.7831726074219, 455.64679052096216, 0, link, Accessories, Next Day Air, 58
2, 15, 914, 436.74461321087955, 0, link, Accessories, Next Day Air, 58
2,17, 914, 455.9208760155422, 0, link, Accessories, Next Day Air, 58
3, 0, 161, 279.3726598375133, 0, link, Accessories, Free Shipping, 62
3,40, 161, 299.8714235252562, 0, link, Accessories, Free Shipping, 62
3, 1, 178.37555313110352, 279.2738125827026, 0, link, Accessories, Free Shipping, 62
3,39, 178.37555313110352, 299.7725762704455, 0, link, Accessories, Free Shipping, 62
3, 2, 211.54105758666992, 278.50176349775995, 0, link, Accessories, Free Shipping, 62
3,38, 211.54105758666992, 299.00052718550285, 0, link, Accessories, Free Shipping, 62
3, 3, 242.70732498168945, 277.0055282091514, 0, link, Accessories, Free Shipping, 62
3,37, 242.70732498168945, 297.5042918968943, 0, link, Accessories, Free Shipping, 62
3, 4, 272.01223373413086, 274.83505059299193, 0, link, Accessories, Free Shipping, 62
3,36, 272.01223373413086, 295.3338142807348, 0, link, Accessories, Free Shipping, 62
3, 5, 312.7811584472656, 270.42438203359575, 0, link, Accessories, Free Shipping, 62
3,35, 312.7811584472656, 290.92314572133864, 0, link, Accessories, Free Shipping, 62
3, 6, 361.9118347167969, 262.64978531837806, 0, link, Accessories, Free Shipping, 62
3,34, 361.9118347167969, 283.14854900612096, 0, link, Accessories, Free Shipping, 62
3, 7, 406.0788879394531, 253.0772090630244, 0, link, Accessories, Free Shipping, 62
3,33, 406.0788879394531, 273.5759727507673, 0, link, Accessories, Free Shipping, 62
3, 8, 446.3853454589844, 242.10620427645384, 0, link, Accessories, Free Shipping, 62
3,32, 446.3853454589844, 262.6049679641967, 0, link, Accessories, Free Shipping, 62
3, 9, 502.019287109375, 223.90166143257687, 0, link, Accessories, Free Shipping, 62
3,31, 502.019287109375, 244.4004251203197, 0, link, Accessories, Free Shipping, 62
3, 10, 572.980712890625, 198.46358053139352, 0, link, Accessories, Free Shipping, 62
3,30, 572.980712890625, 218.96234421913636, 0, link, Accessories, Free Shipping, 62
3, 11, 628.6146545410156, 180.25903768751658, 0, link, Accessories, Free Shipping, 62
3,29, 628.6146545410156, 200.75780137525942, 0, link, Accessories, Free Shipping, 62
3, 12, 668.9211120605469, 169.28803290094598, 0, link, Accessories, Free Shipping, 62
3,28, 668.9211120605469, 189.78679658868882, 0, link, Accessories, Free Shipping, 62
3, 13, 713.0881652832031, 159.71545664559233, 0, link, Accessories, Free Shipping, 62
3,27, 713.0881652832031, 180.21422033333516, 0, link, Accessories, Free Shipping, 62
3, 14, 762.2188415527344, 151.94085993037464, 0, link, Accessories, Free Shipping, 62
3,26, 762.2188415527344, 172.43962361811748, 0, link, Accessories, Free Shipping, 62
3, 15, 802.9877662658691, 147.53019137097857, 0, link, Accessories, Free Shipping, 62
3,25, 802.9877662658691, 168.0289550587214, 0, link, Accessories, Free Shipping, 62
3, 16, 832.2926750183105, 145.359713754819, 0, link, Accessories, Free Shipping, 62
3,24, 832.2926750183105, 165.85847744256185, 0, link, Accessories, Free Shipping, 62
3, 17, 863.4589424133301, 143.86347846621044, 0, link, Accessories, Free Shipping, 62
3,23, 863.4589424133301, 164.36224215395328, 0, link, Accessories, Free Shipping, 62
3, 18, 896.6244468688965, 143.09142938126777, 0, link, Accessories, Free Shipping, 62
3,22, 896.6244468688965, 163.5901930690106, 0, link, Accessories, Free Shipping, 62
3, 19, 914, 142.99258212645708, 0, link, Accessories, Free Shipping, 62
3,21, 914, 163.49134581419992, 0, link, Accessories, Free Shipping, 62
4, 0, 161, 299.87142352525615, 0, link, Accessories, Express, 62
4,32, 161, 320.37018721299904, 0, link, Accessories, Express, 62
4, 1, 195.21682739257812, 299.70165118746695, 0, link, Accessories, Express, 62
4,31, 195.21682739257812, 320.20041487520984, 0, link, Accessories, Express, 62
4, 2, 257.5838317871094, 298.4084916783491, 0, link, Accessories, Express, 62
4,30, 257.5838317871094, 318.907255366092, 0, link, Accessories, Express, 62
4, 3, 312.7811584472656, 295.98833282050293, 0, link, Accessories, Express, 62
4,29, 312.7811584472656, 316.4870965082458, 0, link, Accessories, Express, 62
4, 4, 361.9118347167969, 292.6145591291174, 0, link, Accessories, Express, 62
4,28, 361.9118347167969, 313.1133228168603, 0, link, Accessories, Express, 62
4, 5, 406.0788879394531, 288.4605551193814, 0, link, Accessories, Express, 62
4,27, 406.0788879394531, 308.9593188071243, 0, link, Accessories, Express, 62
4, 6, 446.3853454589844, 283.6997053064841, 0, link, Accessories, Express, 62
4,26, 446.3853454589844, 304.19846899422697, 0, link, Accessories, Express, 62
4, 7, 502.019287109375, 275.79987333318616, 0, link, Accessories, Express, 62
4,25, 502.019287109375, 296.29863702092905, 0, link, Accessories, Express, 62
4, 8, 572.980712890625, 264.7610591994878, 0, link, Accessories, Express, 62
4,24, 572.980712890625, 285.2598228872307, 0, link, Accessories, Express, 62
4, 9, 628.6146545410156, 256.8612272261899, 0, link, Accessories, Express, 62
4,23, 628.6146545410156, 277.3599909139328, 0, link, Accessories, Express, 62
4, 10, 668.9211120605469, 252.1003774132926, 0, link, Accessories, Express, 62
4,22, 668.9211120605469, 272.59914110103546, 0, link, Accessories, Express, 62
4, 11, 713.0881652832031, 247.94637340355658, 0, link, Accessories, Express, 62
4,21, 713.0881652832031, 268.44513709129944, 0, link, Accessories, Express, 62
4, 12, 762.2188415527344, 244.57259971217104, 0, link, Accessories, Express, 62
4,20, 762.2188415527344, 265.0713633999139, 0, link, Accessories, Express, 62
4, 13, 817.4161682128906, 242.15244085432488, 0, link, Accessories, Express, 62
4,19, 817.4161682128906, 262.6512045420677, 0, link, Accessories, Express, 62
4, 14, 879.7831726074219, 240.85928134520705, 0, link, Accessories, Express, 62
4,18, 879.7831726074219, 261.3580450329499, 0, link, Accessories, Express, 62
4, 15, 914, 240.68950900741785, 0, link, Accessories, Express, 62
4,17, 914, 261.1882726951607, 0, link, Accessories, Express, 62
5, 0, 161, 320.370187212999, 0, link, Accessories, 2, 63
5,20, 161, 341.1995761215119, 0, link, Accessories, 2, 63
5, 1, 227.365478515625, 320.5836573593695, 0, link, Accessories, 2, 63
5,19, 227.365478515625, 341.4130462678824, 0, link, Accessories, 2, 63
5, 2, 338.035888671875, 322.12435493752207, 0, link, Accessories, 2, 63
5,18, 338.035888671875, 342.95374384603497, 0, link, Accessories, 2, 63
5, 3, 426.645751953125, 324.7788098010862, 0, link, Accessories, 2, 63
5,17, 426.645751953125, 345.6081987095991, 0, link, Accessories, 2, 63
5, 4, 502.019287109375, 328.1015190358972, 0, link, Accessories, 2, 63
5,16, 502.019287109375, 348.9309079444101, 0, link, Accessories, 2, 63
5, 5, 572.980712890625, 331.64697972779055, 0, link, Accessories, 2, 63
5,15, 572.980712890625, 352.47636863630345, 0, link, Accessories, 2, 63
5, 6, 648.354248046875, 334.96968896260154, 0, link, Accessories, 2, 63
5,14, 648.354248046875, 355.79907787111443, 0, link, Accessories, 2, 63
5, 7, 736.964111328125, 337.62414382616566, 0, link, Accessories, 2, 63
5,13, 736.964111328125, 358.45353273467856, 0, link, Accessories, 2, 63
5, 8, 847.634521484375, 339.1648414043182, 0, link, Accessories, 2, 63
5,12, 847.634521484375, 359.9942303128311, 0, link, Accessories, 2, 63
5, 9, 914, 339.37831155068875, 0, link, Accessories, 2, 63
5,11, 914, 360.20770045920165, 0, link, Accessories, 2, 63
6, 0, 161, 80.34192864712116, 7, link, Clothing, Store Pickup, 57
6,32, 161, 99.18756623101379, 7, link, Clothing, Store Pickup, 57
6, 1, 195.21682739257812, 80.17073363611026, 7, link, Clothing, Store Pickup, 57
6,31, 195.21682739257812, 99.01637122000288, 7, link, Clothing, Store Pickup, 57
6, 2, 257.5838317871094, 78.86673759479315, 7, link, Clothing, Store Pickup, 57
6,30, 257.5838317871094, 97.71237517868578, 7, link, Clothing, Store Pickup, 57
6, 3, 312.7811584472656, 76.42629807612705, 7, link, Clothing, Store Pickup, 57
6,29, 312.7811584472656, 95.27193566001968, 7, link, Clothing, Store Pickup, 57
6, 4, 361.9118347167969, 73.02425253816564, 7, link, Clothing, Store Pickup, 57
6,28, 361.9118347167969, 91.86989012205827, 7, link, Clothing, Store Pickup, 57
6, 5, 406.0788879394531, 68.8354384389626, 7, link, Clothing, Store Pickup, 57
6,27, 406.0788879394531, 87.68107602285522, 7, link, Clothing, Store Pickup, 57
6, 6, 446.3853454589844, 64.03469323657166, 7, link, Clothing, Store Pickup, 57
6,26, 446.3853454589844, 82.88033082046428, 7, link, Clothing, Store Pickup, 57
6, 7, 502.019287109375, 56.06866155400036, 7, link, Clothing, Store Pickup, 57
6,25, 502.019287109375, 74.91429913789298, 7, link, Clothing, Store Pickup, 57
6, 8, 572.980712890625, 44.937343391248675, 7, link, Clothing, Store Pickup, 57
6,24, 572.980712890625, 63.7829809751413, 7, link, Clothing, Store Pickup, 57
6, 9, 628.6146545410156, 36.97131170867736, 7, link, Clothing, Store Pickup, 57
6,23, 628.6146545410156, 55.81694929256999, 7, link, Clothing, Store Pickup, 57
6, 10, 668.9211120605469, 32.17056650628642, 7, link, Clothing, Store Pickup, 57
6,22, 668.9211120605469, 51.016204090179045, 7, link, Clothing, Store Pickup, 57
6, 11, 713.0881652832031, 27.98175240708341, 7, link, Clothing, Store Pickup, 57
6,21, 713.0881652832031, 46.82738999097603, 7, link, Clothing, Store Pickup, 57
6, 12, 762.2188415527344, 24.579706869121996, 7, link, Clothing, Store Pickup, 57
6,20, 762.2188415527344, 43.42534445301462, 7, link, Clothing, Store Pickup, 57
6, 13, 817.4161682128906, 22.139267350455892, 7, link, Clothing, Store Pickup, 57
6,19, 817.4161682128906, 40.984904934348506, 7, link, Clothing, Store Pickup, 57
6, 14, 879.7831726074219, 20.835271309138776, 7, link, Clothing, Store Pickup, 57
6,18, 879.7831726074219, 39.68090889303139, 7, link, Clothing, Store Pickup, 57
6, 15, 914, 20.66407629812787, 7, link, Clothing, Store Pickup, 57
6,17, 914, 39.50971388202049, 7, link, Clothing, Store Pickup, 57
7, 0, 161, 99.18756623101379, 7, link, Clothing, Standard, 62
7,60, 161, 119.68632991875663, 7, link, Clothing, Standard, 62
7, 1, 178.37555313110352, 99.48757860189781, 7, link, Clothing, Standard, 62
7,59, 178.37555313110352, 119.98634228964065, 7, link, Clothing, Standard, 62
7, 2, 211.54105758666992, 101.83083311974983, 7, link, Clothing, Standard, 62
7,58, 211.54105758666992, 122.32959680749266, 7, link, Clothing, Standard, 62
7, 3, 242.70732498168945, 106.37207300744686, 7, link, Clothing, Standard, 62
7,57, 242.70732498168945, 126.8708366951897, 7, link, Clothing, Standard, 62
7, 4, 272.01223373413086, 112.95971306706855, 7, link, Clothing, Standard, 62
7,56, 272.01223373413086, 133.4584767548114, 7, link, Clothing, Standard, 62
7, 5, 299.5936622619629, 121.4421681006946, 7, link, Clothing, Standard, 62
7,55, 299.5936622619629, 141.94093178843744, 7, link, Clothing, Standard, 62
7, 6, 325.5894889831543, 131.6678529104046, 7, link, Clothing, Standard, 62
7,54, 325.5894889831543, 152.16661659814744, 7, link, Clothing, Standard, 62
7, 7, 350.1375923156738, 143.48518229827823, 7, link, Clothing, Standard, 62
7,53, 350.1375923156738, 163.98394598602107, 7, link, Clothing, Standard, 62
7, 8, 373.37585067749023, 156.7425710663952, 7, link, Clothing, Standard, 62
7,52, 373.37585067749023, 177.24133475413802, 7, link, Clothing, Standard, 62
7, 9, 395.44214248657227, 171.28843401683505, 7, link, Clothing, Standard, 62
7,51, 395.44214248657227, 191.7871977045779, 7, link, Clothing, Standard, 62
7, 10, 416.4743461608887, 186.97118595167754, 7, link, Clothing, Standard, 62
7,50, 416.4743461608887, 207.46994963942038, 7, link, Clothing, Standard, 62
7, 11, 436.6103401184082, 203.63924167300226, 7, link, Clothing, Standard, 62
7,49, 436.6103401184082, 224.1380053607451, 7, link, Clothing, Standard, 62
7, 12, 455.9880027770996, 221.1410159828889, 7, link, Clothing, Standard, 62
7,48, 455.9880027770996, 241.63977967063173, 7, link, Clothing, Standard, 62
7, 13, 483.9342346191406, 248.62530718082164, 7, link, Clothing, Standard, 62
7,47, 483.9342346191406, 269.1240708685645, 7, link, Clothing, Standard, 62
7, 14, 519.8285827636719, 286.77424865744206, 7, link, Clothing, Standard, 62
7,46, 519.8285827636719, 307.27301234518495, 7, link, Clothing, Standard, 62
7, 15, 555.1714172363281, 325.52953092574387, 7, link, Clothing, Standard, 62
7,45, 555.1714172363281, 346.02829461348676, 7, link, Clothing, Standard, 62
7, 16, 591.0657653808594, 363.6784724023643, 7, link, Clothing, Standard, 62
7,44, 591.0657653808594, 384.1772360901072, 7, link, Clothing, Standard, 62
7, 17, 619.0119972229004, 391.16276360029707, 7, link, Clothing, Standard, 62
7,43, 619.0119972229004, 411.66152728803996, 7, link, Clothing, Standard, 62
7, 18, 638.3896598815918, 408.66453791018375, 7, link, Clothing, Standard, 62
7,42, 638.3896598815918, 429.16330159792665, 7, link, Clothing, Standard, 62
7, 19, 658.5256538391113, 425.3325936315084, 7, link, Clothing, Standard, 62
7,41, 658.5256538391113, 445.8313573192513, 7, link, Clothing, Standard, 62
7, 20, 679.5578575134277, 441.0153455663509, 7, link, Clothing, Standard, 62
7,40, 679.5578575134277, 461.5141092540938, 7, link, Clothing, Standard, 62
7, 21, 701.6241493225098, 455.56120851679077, 7, link, Clothing, Standard, 62
7,39, 701.6241493225098, 476.05997220453366, 7, link, Clothing, Standard, 62
7, 22, 724.8624076843262, 468.8185972849077, 7, link, Clothing, Standard, 62
7,38, 724.8624076843262, 489.3173609726506, 7, link, Clothing, Standard, 62
7, 23, 749.4105110168457, 480.63592667278135, 7, link, Clothing, Standard, 62
7,37, 749.4105110168457, 501.13469036052425, 7, link, Clothing, Standard, 62
7, 24, 775.4063377380371, 490.8616114824914, 7, link, Clothing, Standard, 62
7,36, 775.4063377380371, 511.3603751702343, 7, link, Clothing, Standard, 62
7, 25, 802.9877662658691, 499.34406651611744, 7, link, Clothing, Standard, 62
7,35, 802.9877662658691, 519.8428302038603, 7, link, Clothing, Standard, 62
7, 26, 832.2926750183105, 505.9317065757392, 7, link, Clothing, Standard, 62
7,34, 832.2926750183105, 526.4304702634821, 7, link, Clothing, Standard, 62
7, 27, 863.4589424133301, 510.4729464634362, 7, link, Clothing, Standard, 62
7,33, 863.4589424133301, 530.9717101511791, 7, link, Clothing, Standard, 62
7, 28, 896.6244468688965, 512.8162009812881, 7, link, Clothing, Standard, 62
7,32, 896.6244468688965, 533.314964669031, 7, link, Clothing, Standard, 62
7, 29, 914, 513.1162133521722, 7, link, Clothing, Standard, 62
7,31, 914, 533.6149770399151, 7, link, Clothing, Standard, 62
8, 0, 161, 61.165665842458495, 7, link, Clothing, Next Day Air, 58
8,60, 161, 80.34192864712115, 7, link, Clothing, Next Day Air, 58
8, 1, 178.37555313110352, 61.42398382824918, 7, link, Clothing, Next Day Air, 58
8,59, 178.37555313110352, 80.60024663291183, 7, link, Clothing, Next Day Air, 58
8, 2, 211.54105758666992, 63.44158325410909, 7, link, Clothing, Next Day Air, 58
8,58, 211.54105758666992, 82.61784605877175, 7, link, Clothing, Next Day Air, 58
8, 3, 242.70732498168945, 67.35170181797234, 7, link, Clothing, Next Day Air, 58
8,57, 242.70732498168945, 86.527964622635, 7, link, Clothing, Next Day Air, 58
8, 4, 272.01223373413086, 73.02382095859736, 7, link, Clothing, Next Day Air, 58
8,56, 272.01223373413086, 92.20008376326001, 7, link, Clothing, Next Day Air, 58
8, 5, 299.5936622619629, 80.32742211474249, 7, link, Clothing, Next Day Air, 58
8,55, 299.5936622619629, 99.50368491940515, 7, link, Clothing, Next Day Air, 58
8, 6, 325.5894889831543, 89.13198672516613, 7, link, Clothing, Next Day Air, 58
8,54, 325.5894889831543, 108.30824952982879, 7, link, Clothing, Next Day Air, 58
8, 7, 350.1375923156738, 99.3069962286267, 7, link, Clothing, Next Day Air, 58
8,53, 350.1375923156738, 118.48325903328936, 7, link, Clothing, Next Day Air, 58
8, 8, 373.37585067749023, 110.72193206388258, 7, link, Clothing, Next Day Air, 58
8,52, 373.37585067749023, 129.89819486854523, 7, link, Clothing, Next Day Air, 58
8, 9, 395.44214248657227, 123.24627566969212, 7, link, Clothing, Next Day Air, 58
8,51, 395.44214248657227, 142.42253847435478, 7, link, Clothing, Next Day Air, 58
8, 10, 416.4743461608887, 136.7495084848138, 7, link, Clothing, Next Day Air, 58
8,50, 416.4743461608887, 155.92577128947644, 7, link, Clothing, Next Day Air, 58
8, 11, 436.6103401184082, 151.1011119480059, 7, link, Clothing, Next Day Air, 58
8,49, 436.6103401184082, 170.27737475266855, 7, link, Clothing, Next Day Air, 58
8, 12, 455.9880027770996, 166.17056749802686, 7, link, Clothing, Next Day Air, 58
8,48, 455.9880027770996, 185.3468303026895, 7, link, Clothing, Next Day Air, 58
8, 13, 483.9342346191406, 189.83521413314645, 7, link, Clothing, Next Day Air, 58
8,47, 483.9342346191406, 209.0114769378091, 7, link, Clothing, Next Day Air, 58
8, 14, 519.8285827636719, 222.6823853789518, 7, link, Clothing, Next Day Air, 58
8,46, 519.8285827636719, 241.85864818361446, 7, link, Clothing, Next Day Air, 58
8, 15, 555.1714172363281, 256.0516308697236, 7, link, Clothing, Next Day Air, 58
8,45, 555.1714172363281, 275.2278936743863, 7, link, Clothing, Next Day Air, 58
8, 16, 591.0657653808594, 288.898802115529, 7, link, Clothing, Next Day Air, 58
8,44, 591.0657653808594, 308.07506492019166, 7, link, Clothing, Next Day Air, 58
8, 17, 619.0119972229004, 312.56344875064855, 7, link, Clothing, Next Day Air, 58
8,43, 619.0119972229004, 331.7397115553112, 7, link, Clothing, Next Day Air, 58
8, 18, 638.3896598815918, 327.63290430066945, 7, link, Clothing, Next Day Air, 58
8,42, 638.3896598815918, 346.8091671053321, 7, link, Clothing, Next Day Air, 58
8, 19, 658.5256538391113, 341.98450776386164, 7, link, Clothing, Next Day Air, 58
8,41, 658.5256538391113, 361.1607705685243, 7, link, Clothing, Next Day Air, 58
8, 20, 679.5578575134277, 355.4877405789832, 7, link, Clothing, Next Day Air, 58
8,40, 679.5578575134277, 374.6640033836459, 7, link, Clothing, Next Day Air, 58
8, 21, 701.6241493225098, 368.0120841847928, 7, link, Clothing, Next Day Air, 58
8,39, 701.6241493225098, 387.18834698945545, 7, link, Clothing, Next Day Air, 58
8, 22, 724.8624076843262, 379.42702002004864, 7, link, Clothing, Next Day Air, 58
8,38, 724.8624076843262, 398.6032828247113, 7, link, Clothing, Next Day Air, 58
8, 23, 749.4105110168457, 389.60202952350915, 7, link, Clothing, Next Day Air, 58
8,37, 749.4105110168457, 408.7782923281718, 7, link, Clothing, Next Day Air, 58
8, 24, 775.4063377380371, 398.4065941339329, 7, link, Clothing, Next Day Air, 58
8,36, 775.4063377380371, 417.58285693859557, 7, link, Clothing, Next Day Air, 58
8, 25, 802.9877662658691, 405.710195290078, 7, link, Clothing, Next Day Air, 58
8,35, 802.9877662658691, 424.88645809474065, 7, link, Clothing, Next Day Air, 58
8, 26, 832.2926750183105, 411.382314430703, 7, link, Clothing, Next Day Air, 58
8,34, 832.2926750183105, 430.55857723536565, 7, link, Clothing, Next Day Air, 58
8, 27, 863.4589424133301, 415.2924329945663, 7, link, Clothing, Next Day Air, 58
8,33, 863.4589424133301, 434.46869579922895, 7, link, Clothing, Next Day Air, 58
8, 28, 896.6244468688965, 417.31003242042624, 7, link, Clothing, Next Day Air, 58
8,32, 896.6244468688965, 436.4862952250889, 7, link, Clothing, Next Day Air, 58
8, 29, 914, 417.5683504062169, 7, link, Clothing, Next Day Air, 58
8,31, 914, 436.74461321087955, 7, link, Clothing, Next Day Air, 58
9, 0, 161, 0, 7, link, Clothing, Free Shipping, 64.5
9,32, 161, 21.32532673966796, 7, link, Clothing, Free Shipping, 64.5
9, 1, 195.21682739257812, 0.34902105732294153, 7, link, Clothing, Free Shipping, 64.5
9,31, 195.21682739257812, 21.6743477969909, 7, link, Clothing, Free Shipping, 64.5
9, 2, 257.5838317871094, 3.0075218769317384, 7, link, Clothing, Free Shipping, 64.5
9,30, 257.5838317871094, 24.332848616599698, 7, link, Clothing, Free Shipping, 64.5
9, 3, 312.7811584472656, 7.982928438769422, 7, link, Clothing, Free Shipping, 64.5
9,29, 312.7811584472656, 29.308255178437385, 7, link, Clothing, Free Shipping, 64.5
9, 4, 361.9118347167969, 14.918793705570023, 7, link, Clothing, Free Shipping, 64.5
9,28, 361.9118347167969, 36.24412044523798, 7, link, Clothing, Free Shipping, 64.5
9, 5, 406.0788879394531, 23.458670640067552, 7, link, Clothing, Free Shipping, 64.5
9,27, 406.0788879394531, 44.78399737973551, 7, link, Clothing, Free Shipping, 64.5
9, 6, 446.3853454589844, 33.246112204996024, 7, link, Clothing, Free Shipping, 64.5
9,26, 446.3853454589844, 54.57143894466398, 7, link, Clothing, Free Shipping, 64.5
9, 7, 502.019287109375, 49.486730340427414, 7, link, Clothing, Free Shipping, 64.5
9,25, 502.019287109375, 70.81205708009537, 7, link, Clothing, Free Shipping, 64.5
9, 8, 572.980712890625, 72.18052504636171, 7, link, Clothing, Free Shipping, 64.5
9,24, 572.980712890625, 93.50585178602967, 7, link, Clothing, Free Shipping, 64.5
9, 9, 628.6146545410156, 88.4211431817931, 7, link, Clothing, Free Shipping, 64.5
9,23, 628.6146545410156, 109.74646992146106, 7, link, Clothing, Free Shipping, 64.5
9, 10, 668.9211120605469, 98.20858474672158, 7, link, Clothing, Free Shipping, 64.5
9,22, 668.9211120605469, 119.53391148638954, 7, link, Clothing, Free Shipping, 64.5
9, 11, 713.0881652832031, 106.7484616812191, 7, link, Clothing, Free Shipping, 64.5
9,21, 713.0881652832031, 128.07378842088707, 7, link, Clothing, Free Shipping, 64.5
9, 12, 762.2188415527344, 113.68432694801967, 7, link, Clothing, Free Shipping, 64.5
9,20, 762.2188415527344, 135.00965368768763, 7, link, Clothing, Free Shipping, 64.5
9, 13, 817.4161682128906, 118.65973350985738, 7, link, Clothing, Free Shipping, 64.5
9,19, 817.4161682128906, 139.98506024952533, 7, link, Clothing, Free Shipping, 64.5
9, 14, 879.7831726074219, 121.31823432946618, 7, link, Clothing, Free Shipping, 64.5
9,18, 879.7831726074219, 142.64356106913414, 7, link, Clothing, Free Shipping, 64.5
9, 15, 914, 121.66725538678912, 7, link, Clothing, Free Shipping, 64.5
9,17, 914, 142.99258212645708, 7, link, Clothing, Free Shipping, 64.5
10, 0, 161, 21.325326739667965, 7, link, Clothing, Express, 61.5
10,56, 161, 41.658777817025786, 7, link, Clothing, Express, 61.5
10, 1, 178.37555313110352, 21.469582717016955, 7, link, Clothing, Express, 61.5
10,55, 178.37555313110352, 41.80303379437478, 7, link, Clothing, Express, 61.5
10, 2, 211.54105758666992, 22.5962978243112, 7, link, Clothing, Express, 61.5
10,54, 211.54105758666992, 42.92974890166902, 7, link, Clothing, Express, 61.5
10, 3, 242.70732498168945, 24.779877776183334, 7, link, Clothing, Express, 61.5
10,53, 242.70732498168945, 45.113328853541155, 7, link, Clothing, Express, 61.5
10, 4, 272.01223373413086, 27.947435341972806, 7, link, Clothing, Express, 61.5
10,52, 272.01223373413086, 48.28088641933063, 7, link, Clothing, Express, 61.5
10, 5, 299.5936622619629, 32.026083291019084, 7, link, Clothing, Express, 61.5
10,51, 299.5936622619629, 52.359534368376906, 7, link, Clothing, Express, 61.5
10, 6, 325.5894889831543, 36.942934392661606, 7, link, Clothing, Express, 61.5
10,50, 325.5894889831543, 57.27638547001943, 7, link, Clothing, Express, 61.5
10, 7, 350.1375923156738, 42.62510141623985, 7, link, Clothing, Express, 61.5
10,49, 350.1375923156738, 62.95855249359767, 7, link, Clothing, Express, 61.5
10, 8, 373.37585067749023, 48.999697131093264, 7, link, Clothing, Express, 61.5
10,48, 373.37585067749023, 69.33314820845109, 7, link, Clothing, Express, 61.5
10, 9, 395.44214248657227, 55.99383430656129, 7, link, Clothing, Express, 61.5
10,47, 395.44214248657227, 76.32728538391912, 7, link, Clothing, Express, 61.5
10, 10, 416.4743461608887, 63.53462571198339, 7, link, Clothing, Express, 61.5
10,46, 416.4743461608887, 83.86807678934122, 7, link, Clothing, Express, 61.5
10, 11, 446.3853454589844, 75.71134868421052, 7, link, Clothing, Express, 61.5
10,45, 446.3853454589844, 96.04479976156836, 7, link, Clothing, Express, 61.5
10, 12, 483.9342346191406, 93.17998829918757, 7, link, Clothing, Express, 61.5
10,44, 483.9342346191406, 113.5134393765454, 7, link, Clothing, Express, 61.5
10, 13, 519.8285827636719, 111.52327468209114, 7, link, Clothing, Express, 61.5
10,43, 519.8285827636719, 131.85672575944898, 7, link, Clothing, Express, 61.5
10, 14, 555.1714172363281, 130.1581099876369, 7, link, Clothing, Express, 61.5
10,42, 555.1714172363281, 150.49156106499473, 7, link, Clothing, Express, 61.5
10, 15, 591.0657653808594, 148.50139637054042, 7, link, Clothing, Express, 61.5
10,41, 591.0657653808594, 168.83484744789826, 7, link, Clothing, Express, 61.5
10, 16, 628.6146545410156, 165.97003598551748, 7, link, Clothing, Express, 61.5
10,40, 628.6146545410156, 186.30348706287532, 7, link, Clothing, Express, 61.5
10, 17, 658.5256538391113, 178.14675895774462, 7, link, Clothing, Express, 61.5
10,39, 658.5256538391113, 198.48021003510246, 7, link, Clothing, Express, 61.5
10, 18, 679.5578575134277, 185.68755036316674, 7, link, Clothing, Express, 61.5
10,38, 679.5578575134277, 206.02100144052457, 7, link, Clothing, Express, 61.5
10, 19, 701.6241493225098, 192.68168753863475, 7, link, Clothing, Express, 61.5
10,37, 701.6241493225098, 213.01513861599258, 7, link, Clothing, Express, 61.5
10, 20, 724.8624076843262, 199.05628325348817, 7, link, Clothing, Express, 61.5
10,36, 724.8624076843262, 219.389734330846, 7, link, Clothing, Express, 61.5
10, 21, 749.4105110168457, 204.7384502770664, 7, link, Clothing, Express, 61.5
10,35, 749.4105110168457, 225.07190135442423, 7, link, Clothing, Express, 61.5
10, 22, 775.4063377380371, 209.65530137870894, 7, link, Clothing, Express, 61.5
10,34, 775.4063377380371, 229.98875245606678, 7, link, Clothing, Express, 61.5
10, 23, 802.9877662658691, 213.73394932775517, 7, link, Clothing, Express, 61.5
10,33, 802.9877662658691, 234.067400405113, 7, link, Clothing, Express, 61.5
10, 24, 832.2926750183105, 216.90150689354465, 7, link, Clothing, Express, 61.5
10,32, 832.2926750183105, 237.23495797090249, 7, link, Clothing, Express, 61.5
10, 25, 863.4589424133301, 219.08508684541675, 7, link, Clothing, Express, 61.5
10,31, 863.4589424133301, 239.4185379227746, 7, link, Clothing, Express, 61.5
10, 26, 896.6244468688965, 220.21180195271103, 7, link, Clothing, Express, 61.5
10,30, 896.6244468688965, 240.54525303006886, 7, link, Clothing, Express, 61.5
10, 27, 914, 220.35605793006002, 7, link, Clothing, Express, 61.5
10,29, 914, 240.68950900741785, 7, link, Clothing, Express, 61.5
11, 0, 161, 41.65877781702578, 7, link, Clothing, 2, 59
11,60, 161, 61.165665842458495, 7, link, Clothing, 2, 59
11, 1, 178.37555313110352, 41.86042425060643, 7, link, Clothing, 2, 59
11,59, 178.37555313110352, 61.36731227603913, 7, link, Clothing, 2, 59
11, 2, 211.54105758666992, 43.43538902657312, 7, link, Clothing, 2, 59
11,58, 211.54105758666992, 62.942277052005835, 7, link, Clothing, 2, 59
11, 3, 242.70732498168945, 46.487679252772736, 7, link, Clothing, 2, 59
11,57, 242.70732498168945, 65.99456727820544, 7, link, Clothing, 2, 59
11, 4, 272.01223373413086, 50.91541041539608, 7, link, Clothing, 2, 59
11,56, 272.01223373413086, 70.4222984408288, 7, link, Clothing, 2, 59
11, 5, 299.5936622619629, 56.61669800063402, 7, link, Clothing, 2, 59
11,55, 299.5936622619629, 76.12358602606673, 7, link, Clothing, 2, 59
11, 6, 325.5894889831543, 63.489657494677374, 7, link, Clothing, 2, 59
11,54, 325.5894889831543, 82.99654552011009, 7, link, Clothing, 2, 59
11, 7, 350.1375923156738, 71.43240438371696, 7, link, Clothing, 2, 59
11,53, 350.1375923156738, 90.93929240914967, 7, link, Clothing, 2, 59
11, 8, 373.37585067749023, 80.34305415394363, 7, link, Clothing, 2, 59
11,52, 373.37585067749023, 99.84994217937634, 7, link, Clothing, 2, 59
11, 9, 395.44214248657227, 90.11972229154821, 7, link, Clothing, 2, 59
11,51, 395.44214248657227, 109.62661031698093, 7, link, Clothing, 2, 59
11, 10, 416.4743461608887, 100.66052428272154, 7, link, Clothing, 2, 59
11,50, 416.4743461608887, 120.16741230815425, 7, link, Clothing, 2, 59
11, 11, 436.6103401184082, 111.86357561365446, 7, link, Clothing, 2, 59
11,49, 436.6103401184082, 131.37046363908718, 7, link, Clothing, 2, 59
11, 12, 455.9880027770996, 123.62699177053781, 7, link, Clothing, 2, 59
11,48, 455.9880027770996, 143.13387979597053, 7, link, Clothing, 2, 59
11, 13, 483.9342346191406, 142.09992768056227, 7, link, Clothing, 2, 59
11,47, 483.9342346191406, 161.606815705995, 7, link, Clothing, 2, 59
11, 14, 519.8285827636719, 167.74086365586913, 7, link, Clothing, 2, 59
11,46, 519.8285827636719, 187.24775168130185, 7, link, Clothing, 2, 59
11, 15, 555.1714172363281, 193.7893376864127, 7, link, Clothing, 2, 59
11,45, 555.1714172363281, 213.2962257118454, 7, link, Clothing, 2, 59
11, 16, 591.0657653808594, 219.43027366171955, 7, link, Clothing, 2, 59
11,44, 591.0657653808594, 238.93716168715227, 7, link, Clothing, 2, 59
11, 17, 619.0119972229004, 237.90320957174401, 7, link, Clothing, 2, 59
11,43, 619.0119972229004, 257.41009759717673, 7, link, Clothing, 2, 59
11, 18, 638.3896598815918, 249.66662572862734, 7, link, Clothing, 2, 59
11,42, 638.3896598815918, 269.17351375406, 7, link, Clothing, 2, 59
11, 19, 658.5256538391113, 260.8696770595603, 7, link, Clothing, 2, 59
11,41, 658.5256538391113, 280.37656508499293, 7, link, Clothing, 2, 59
11, 20, 679.5578575134277, 271.4104790507336, 7, link, Clothing, 2, 59
11,40, 679.5578575134277, 290.9173670761663, 7, link, Clothing, 2, 59
11, 21, 701.6241493225098, 281.18714718833814, 7, link, Clothing, 2, 59
11,39, 701.6241493225098, 300.6940352137708, 7, link, Clothing, 2, 59
11, 22, 724.8624076843262, 290.09779695856486, 7, link, Clothing, 2, 59
11,38, 724.8624076843262, 309.6046849839975, 7, link, Clothing, 2, 59
11, 23, 749.4105110168457, 298.0405438476044, 7, link, Clothing, 2, 59
11,37, 749.4105110168457, 317.54743187303706, 7, link, Clothing, 2, 59
11, 24, 775.4063377380371, 304.91350334164775, 7, link, Clothing, 2, 59
11,36, 775.4063377380371, 324.4203913670804, 7, link, Clothing, 2, 59
11, 25, 802.9877662658691, 310.6147909268857, 7, link, Clothing, 2, 59
11,35, 802.9877662658691, 330.12167895231835, 7, link, Clothing, 2, 59
11, 26, 832.2926750183105, 315.0425220895091, 7, link, Clothing, 2, 59
11,34, 832.2926750183105, 334.54941011494174, 7, link, Clothing, 2, 59
11, 27, 863.4589424133301, 318.0948123157087, 7, link, Clothing, 2, 59
11,33, 863.4589424133301, 337.60170034114134, 7, link, Clothing, 2, 59
11, 28, 896.6244468688965, 319.6697770916754, 7, link, Clothing, 2, 59
11,32, 896.6244468688965, 339.1766651171081, 7, link, Clothing, 2, 59
11, 29, 914, 319.87142352525603, 7, link, Clothing, 2, 59
11,31, 914, 339.3783115506887, 7, link, Clothing, 2, 59
12, 0, 161, 219.3670081243378, 8, link, Footwear, Store Pickup, 62.5
12,56, 161, 240.03108442246568, 8, link, Footwear, Store Pickup, 62.5
12, 1, 178.37555313110352, 219.20801256638632, 8, link, Footwear, Store Pickup, 62.5
12,55, 178.37555313110352, 239.8720888645142, 8, link, Footwear, Store Pickup, 62.5
12, 2, 211.54105758666992, 217.96617357691292, 8, link, Footwear, Store Pickup, 62.5
12,54, 211.54105758666992, 238.63024987504082, 8, link, Footwear, Store Pickup, 62.5
12, 3, 242.70732498168945, 215.55948292076366, 8, link, Footwear, Store Pickup, 62.5
12,53, 242.70732498168945, 236.22355921889155, 8, link, Footwear, Store Pickup, 62.5
12, 4, 272.01223373413086, 212.06827519564027, 8, link, Footwear, Store Pickup, 62.5
12,52, 272.01223373413086, 232.73235149376816, 8, link, Footwear, Store Pickup, 62.5
12, 5, 299.5936622619629, 207.57288499924465, 8, link, Footwear, Store Pickup, 62.5
12,51, 299.5936622619629, 228.23696129737255, 8, link, Footwear, Store Pickup, 62.5
12, 6, 325.5894889831543, 202.15364692927847, 8, link, Footwear, Store Pickup, 62.5
12,50, 325.5894889831543, 222.81772322740636, 8, link, Footwear, Store Pickup, 62.5
12, 7, 350.1375923156738, 195.89089558344358, 8, link, Footwear, Store Pickup, 62.5
12,49, 350.1375923156738, 216.55497188157148, 8, link, Footwear, Store Pickup, 62.5
12, 8, 373.37585067749023, 188.8649655594417, 8, link, Footwear, Store Pickup, 62.5
12,48, 373.37585067749023, 209.5290418575696, 8, link, Footwear, Store Pickup, 62.5
12, 9, 395.44214248657227, 181.15619145497473, 8, link, Footwear, Store Pickup, 62.5
12,47, 395.44214248657227, 201.82026775310263, 8, link, Footwear, Store Pickup, 62.5
12, 10, 416.4743461608887, 172.84490786774435, 8, link, Footwear, Store Pickup, 62.5
12,46, 416.4743461608887, 193.50898416587225, 8, link, Footwear, Store Pickup, 62.5
12, 11, 446.3853454589844, 159.42400913919008, 8, link, Footwear, Store Pickup, 62.5
12,45, 446.3853454589844, 180.08808543731797, 8, link, Footwear, Store Pickup, 62.5
12, 12, 483.9342346191406, 140.17048388999586, 8, link, Footwear, Store Pickup, 62.5
12,44, 483.9342346191406, 160.83456018812376, 8, link, Footwear, Store Pickup, 62.5
12, 13, 519.8285827636719, 119.95294346838027, 8, link, Footwear, Store Pickup, 62.5
12,43, 519.8285827636719, 140.61701976650815, 8, link, Footwear, Store Pickup, 62.5
12, 14, 555.1714172363281, 99.41406465595755, 8, link, Footwear, Store Pickup, 62.5
12,42, 555.1714172363281, 120.07814095408541, 8, link, Footwear, Store Pickup, 62.5
12, 15, 591.0657653808594, 79.19652423434194, 8, link, Footwear, Store Pickup, 62.5
12,41, 591.0657653808594, 99.8606005324698, 8, link, Footwear, Store Pickup, 62.5
12, 16, 628.6146545410156, 59.94299898514774, 8, link, Footwear, Store Pickup, 62.5
12,40, 628.6146545410156, 80.6070752832756, 8, link, Footwear, Store Pickup, 62.5
12, 17, 658.5256538391113, 46.52210025659346, 8, link, Footwear, Store Pickup, 62.5
12,39, 658.5256538391113, 67.18617655472133, 8, link, Footwear, Store Pickup, 62.5
12, 18, 679.5578575134277, 38.21081666936307, 8, link, Footwear, Store Pickup, 62.5
12,38, 679.5578575134277, 58.874892967490936, 8, link, Footwear, Store Pickup, 62.5
12, 19, 701.6241493225098, 30.502042564896072, 8, link, Footwear, Store Pickup, 62.5
12,37, 701.6241493225098, 51.16611886302394, 8, link, Footwear, Store Pickup, 62.5
12, 20, 724.8624076843262, 23.47611254089422, 8, link, Footwear, Store Pickup, 62.5
12,36, 724.8624076843262, 44.14018883902209, 8, link, Footwear, Store Pickup, 62.5
12, 21, 749.4105110168457, 17.21336119505932, 8, link, Footwear, Store Pickup, 62.5
12,35, 749.4105110168457, 37.87743749318719, 8, link, Footwear, Store Pickup, 62.5
12, 22, 775.4063377380371, 11.794123125093146, 8, link, Footwear, Store Pickup, 62.5
12,34, 775.4063377380371, 32.45819942322102, 8, link, Footwear, Store Pickup, 62.5
12, 23, 802.9877662658691, 7.298732928697488, 8, link, Footwear, Store Pickup, 62.5
12,33, 802.9877662658691, 27.962809226825357, 8, link, Footwear, Store Pickup, 62.5
12, 24, 832.2926750183105, 3.807525203574132, 8, link, Footwear, Store Pickup, 62.5
12,32, 832.2926750183105, 24.471601501702004, 8, link, Footwear, Store Pickup, 62.5
12, 25, 863.4589424133301, 1.4008345474248554, 8, link, Footwear, Store Pickup, 62.5
12,31, 863.4589424133301, 22.064910845552724, 8, link, Footwear, Store Pickup, 62.5
12, 26, 896.6244468688965, 0.1589955579514477, 8, link, Footwear, Store Pickup, 62.5
12,30, 896.6244468688965, 20.823071856079316, 8, link, Footwear, Store Pickup, 62.5
12, 27, 914, 0, 8, link, Footwear, Store Pickup, 62.5
12,29, 914, 20.66407629812787, 8, link, Footwear, Store Pickup, 62.5
13, 0, 161, 240.03108442246565, 8, link, Footwear, Standard, 58.5
13,56, 161, 259.37265983751337, 8, link, Footwear, Standard, 58.5
13, 1, 178.37555313110352, 240.21499584202047, 8, link, Footwear, Standard, 58.5
13,55, 178.37555313110352, 259.5565712570682, 8, link, Footwear, Standard, 58.5
13, 2, 211.54105758666992, 241.6514408242278, 8, link, Footwear, Standard, 58.5
13,54, 211.54105758666992, 260.9930162392755, 8, link, Footwear, Standard, 58.5
13, 3, 242.70732498168945, 244.43527894338428, 8, link, Footwear, Standard, 58.5
13,53, 242.70732498168945, 263.776854358432, 8, link, Footwear, Standard, 58.5
13, 4, 272.01223373413086, 248.47358653487277, 8, link, Footwear, Standard, 58.5
13,52, 272.01223373413086, 267.8151619499205, 8, link, Footwear, Standard, 58.5
13, 5, 299.5936622619629, 253.67343993407604, 8, link, Footwear, Standard, 58.5
13,51, 299.5936622619629, 273.01501534912376, 8, link, Footwear, Standard, 58.5
13, 6, 325.5894889831543, 259.94191547637695, 8, link, Footwear, Standard, 58.5
13,50, 325.5894889831543, 279.28349089142466, 8, link, Footwear, Standard, 58.5
13, 7, 350.1375923156738, 267.1860894971583, 8, link, Footwear, Standard, 58.5
13,49, 350.1375923156738, 286.52766491220603, 8, link, Footwear, Standard, 58.5
13, 8, 373.37585067749023, 275.3130383318029, 8, link, Footwear, Standard, 58.5
13,48, 373.37585067749023, 294.6546137468506, 8, link, Footwear, Standard, 58.5
13, 9, 395.44214248657227, 284.2298383156936, 8, link, Footwear, Standard, 58.5
13,47, 395.44214248657227, 303.5714137307413, 8, link, Footwear, Standard, 58.5
13, 10, 416.4743461608887, 293.8435657842132, 8, link, Footwear, Standard, 58.5
13,46, 416.4743461608887, 313.1851411992609, 8, link, Footwear, Standard, 58.5
13, 11, 446.3853454589844, 309.36762550432155, 8, link, Footwear, Standard, 58.5
13,45, 446.3853454589844, 328.70920091936927, 8, link, Footwear, Standard, 58.5
13, 12, 483.9342346191406, 331.6383304575735, 8, link, Footwear, Standard, 58.5
13,44, 483.9342346191406, 350.9799058726212, 8, link, Footwear, Standard, 58.5
13, 13, 519.8285827636719, 355.02411938623163, 8, link, Footwear, Standard, 58.5
13,43, 519.8285827636719, 374.36569480127935, 8, link, Footwear, Standard, 58.5
13, 14, 555.1714172363281, 378.78160297335853, 8, link, Footwear, Standard, 58.5
13,42, 555.1714172363281, 398.12317838840625, 8, link, Footwear, Standard, 58.5
13, 15, 591.0657653808594, 402.1673919020167, 8, link, Footwear, Standard, 58.5
13,41, 591.0657653808594, 421.5089673170644, 8, link, Footwear, Standard, 58.5
13, 16, 628.6146545410156, 424.4380968552686, 8, link, Footwear, Standard, 58.5
13,40, 628.6146545410156, 443.7796722703163, 8, link, Footwear, Standard, 58.5
13, 17, 658.5256538391113, 439.962156575377, 8, link, Footwear, Standard, 58.5
13,39, 658.5256538391113, 459.3037319904247, 8, link, Footwear, Standard, 58.5
13, 18, 679.5578575134277, 449.57588404389656, 8, link, Footwear, Standard, 58.5
13,38, 679.5578575134277, 468.9174594589443, 8, link, Footwear, Standard, 58.5
13, 19, 701.6241493225098, 458.4926840277873, 8, link, Footwear, Standard, 58.5
13,37, 701.6241493225098, 477.834259442835, 8, link, Footwear, Standard, 58.5
13, 20, 724.8624076843262, 466.61963286243184, 8, link, Footwear, Standard, 58.5
13,36, 724.8624076843262, 485.96120827747956, 8, link, Footwear, Standard, 58.5
13, 21, 749.4105110168457, 473.8638068832132, 8, link, Footwear, Standard, 58.5
13,35, 749.4105110168457, 493.20538229826093, 8, link, Footwear, Standard, 58.5
13, 22, 775.4063377380371, 480.1322824255141, 8, link, Footwear, Standard, 58.5
13,34, 775.4063377380371, 499.47385784056183, 8, link, Footwear, Standard, 58.5
13, 23, 802.9877662658691, 485.3321358247174, 8, link, Footwear, Standard, 58.5
13,33, 802.9877662658691, 504.6737112397651, 8, link, Footwear, Standard, 58.5
13, 24, 832.2926750183105, 489.37044341620583, 8, link, Footwear, Standard, 58.5
13,32, 832.2926750183105, 508.71201883125354, 8, link, Footwear, Standard, 58.5
13, 25, 863.4589424133301, 492.1542815353624, 8, link, Footwear, Standard, 58.5
13,31, 863.4589424133301, 511.4958569504101, 8, link, Footwear, Standard, 58.5
13, 26, 896.6244468688965, 493.5907265175697, 8, link, Footwear, Standard, 58.5
13,30, 896.6244468688965, 512.9323019326174, 8, link, Footwear, Standard, 58.5
13, 27, 914, 493.7746379371245, 8, link, Footwear, Standard, 58.5
13,29, 914, 513.1162133521722, 8, link, Footwear, Standard, 58.5
14, 0, 161, 198.86824443659495, 8, link, Footwear, Next Day Air, 62
14,56, 161, 219.3670081243378, 8, link, Footwear, Next Day Air, 62
14, 1, 178.37555313110352, 199.01189927909968, 8, link, Footwear, Next Day Air, 62
14,55, 178.37555313110352, 219.51066296684252, 8, link, Footwear, Next Day Air, 62
14, 2, 211.54105758666992, 200.13391920687334, 8, link, Footwear, Next Day Air, 62
14,54, 211.54105758666992, 220.63268289461618, 8, link, Footwear, Next Day Air, 62
14, 3, 242.70732498168945, 202.30839987552375, 8, link, Footwear, Next Day Air, 62
14,53, 242.70732498168945, 222.80716356326658, 8, link, Footwear, Next Day Air, 62
14, 4, 272.01223373413086, 205.46275778568, 8, link, Footwear, Next Day Air, 62
14,52, 272.01223373413086, 225.96152147342283, 8, link, Footwear, Next Day Air, 62
14, 5, 299.5936622619629, 209.5244094379713, 8, link, Footwear, Next Day Air, 62
14,51, 299.5936622619629, 230.02317312571412, 8, link, Footwear, Next Day Air, 62
14, 6, 325.5894889831543, 214.42077133302692, 8, link, Footwear, Next Day Air, 62
14,50, 325.5894889831543, 234.91953502076976, 8, link, Footwear, Next Day Air, 62
14, 7, 350.1375923156738, 220.07925997147592, 8, link, Footwear, Next Day Air, 62
14,49, 350.1375923156738, 240.57802365921876, 8, link, Footwear, Next Day Air, 62
14, 8, 373.37585067749023, 226.42729185394762, 8, link, Footwear, Next Day Air, 62
14,48, 373.37585067749023, 246.92605554169046, 8, link, Footwear, Next Day Air, 62
14, 9, 395.44214248657227, 233.39228348107116, 8, link, Footwear, Next Day Air, 62
14,47, 395.44214248657227, 253.891047168814, 8, link, Footwear, Next Day Air, 62
14, 10, 416.4743461608887, 240.90165135347573, 8, link, Footwear, Next Day Air, 62
14,46, 416.4743461608887, 261.4004150412186, 8, link, Footwear, Next Day Air, 62
14, 11, 446.3853454589844, 253.0276322171109, 8, link, Footwear, Next Day Air, 62
14,45, 446.3853454589844, 273.52639590485376, 8, link, Footwear, Next Day Air, 62
14, 12, 483.9342346191406, 270.42347756631386, 8, link, Footwear, Next Day Air, 62
14,44, 483.9342346191406, 290.92224125405676, 8, link, Footwear, Next Day Air, 62
14, 13, 519.8285827636719, 288.69032490796656, 8, link, Footwear, Next Day Air, 62
14,43, 519.8285827636719, 309.18908859570945, 8, link, Footwear, Next Day Air, 62
14, 14, 555.1714172363281, 307.2475062471025, 8, link, Footwear, Next Day Air, 62
14,42, 555.1714172363281, 327.7462699348454, 8, link, Footwear, Next Day Air, 62
14, 15, 591.0657653808594, 325.51435358875517, 8, link, Footwear, Next Day Air, 62
14,41, 591.0657653808594, 346.01311727649806, 8, link, Footwear, Next Day Air, 62
14, 16, 628.6146545410156, 342.91019893795817, 8, link, Footwear, Next Day Air, 62
14,40, 628.6146545410156, 363.40896262570107, 8, link, Footwear, Next Day Air, 62
14, 17, 658.5256538391113, 355.0361798015933, 8, link, Footwear, Next Day Air, 62
14,39, 658.5256538391113, 375.5349434893362, 8, link, Footwear, Next Day Air, 62
14, 18, 679.5578575134277, 362.54554767399793, 8, link, Footwear, Next Day Air, 62
14,38, 679.5578575134277, 383.0443113617408, 8, link, Footwear, Next Day Air, 62
14, 19, 701.6241493225098, 369.5105393011214, 8, link, Footwear, Next Day Air, 62
14,37, 701.6241493225098, 390.0093029888643, 8, link, Footwear, Next Day Air, 62
14, 20, 724.8624076843262, 375.858571183593, 8, link, Footwear, Next Day Air, 62
14,36, 724.8624076843262, 396.3573348713359, 8, link, Footwear, Next Day Air, 62
14, 21, 749.4105110168457, 381.51705982204214, 8, link, Footwear, Next Day Air, 62
14,35, 749.4105110168457, 402.01582350978504, 8, link, Footwear, Next Day Air, 62
14, 22, 775.4063377380371, 386.41342171709766, 8, link, Footwear, Next Day Air, 62
14,34, 775.4063377380371, 406.91218540484056, 8, link, Footwear, Next Day Air, 62
14, 23, 802.9877662658691, 390.47507336938907, 8, link, Footwear, Next Day Air, 62
14,33, 802.9877662658691, 410.97383705713196, 8, link, Footwear, Next Day Air, 62
14, 24, 832.2926750183105, 393.62943127954526, 8, link, Footwear, Next Day Air, 62
14,32, 832.2926750183105, 414.12819496728815, 8, link, Footwear, Next Day Air, 62
14, 25, 863.4589424133301, 395.8039119481956, 8, link, Footwear, Next Day Air, 62
14,31, 863.4589424133301, 416.3026756359385, 8, link, Footwear, Next Day Air, 62
14, 26, 896.6244468688965, 396.92593187596935, 8, link, Footwear, Next Day Air, 62
14,30, 896.6244468688965, 417.42469556371225, 8, link, Footwear, Next Day Air, 62
14, 27, 914, 397.06958671847406, 8, link, Footwear, Next Day Air, 62
14,29, 914, 417.56835040621695, 8, link, Footwear, Next Day Air, 62
15, 0, 161, 139.68632991875674, 8, link, Footwear, Free Shipping, 59
15,28, 161, 159.19321794418946, 8, link, Footwear, Free Shipping, 59
15, 1, 195.21682739257812, 139.57868097831496, 8, link, Footwear, Free Shipping, 59
15,27, 195.21682739257812, 159.08556900374768, 8, link, Footwear, Free Shipping, 59
15, 2, 257.5838317871094, 138.7587167085671, 8, link, Footwear, Free Shipping, 59
15,26, 257.5838317871094, 158.26560473399982, 8, link, Footwear, Free Shipping, 59
15, 3, 312.7811584472656, 137.22414670652498, 8, link, Footwear, Free Shipping, 59
15,25, 312.7811584472656, 156.7310347319577, 8, link, Footwear, Free Shipping, 59
15, 4, 361.9118347167969, 135.0849103156185, 8, link, Footwear, Free Shipping, 59
15,24, 361.9118347167969, 154.5917983410512, 8, link, Footwear, Free Shipping, 59
15, 5, 426.645751953125, 130.98279856389095, 8, link, Footwear, Free Shipping, 59
15,23, 426.645751953125, 150.48968658932367, 8, link, Footwear, Free Shipping, 59
15, 6, 502.019287109375, 124.42308440590787, 8, link, Footwear, Free Shipping, 59
15,22, 502.019287109375, 143.9299724313406, 8, link, Footwear, Free Shipping, 59
15, 7, 572.980712890625, 117.42361287420526, 8, link, Footwear, Free Shipping, 59
15,21, 572.980712890625, 136.93050089963796, 8, link, Footwear, Free Shipping, 59
15, 8, 648.354248046875, 110.8638987162222, 8, link, Footwear, Free Shipping, 59
15,20, 648.354248046875, 130.3707867416549, 8, link, Footwear, Free Shipping, 59
15, 9, 713.0881652832031, 106.76178696449468, 8, link, Footwear, Free Shipping, 59
15,19, 713.0881652832031, 126.26867498992739, 8, link, Footwear, Free Shipping, 59
15, 10, 762.2188415527344, 104.62255057358819, 8, link, Footwear, Free Shipping, 59
15,18, 762.2188415527344, 124.1294385990209, 8, link, Footwear, Free Shipping, 59
15, 11, 817.4161682128906, 103.08798057154605, 8, link, Footwear, Free Shipping, 59
15,17, 817.4161682128906, 122.59486859697877, 8, link, Footwear, Free Shipping, 59
15, 12, 879.7831726074219, 102.26801630179816, 8, link, Footwear, Free Shipping, 59
15,16, 879.7831726074219, 121.77490432723087, 8, link, Footwear, Free Shipping, 59
15, 13, 914, 102.1603673613564, 8, link, Footwear, Free Shipping, 59
15,15, 914, 121.66725538678912, 8, link, Footwear, Free Shipping, 59
16, 0, 161, 159.19321794418946, 8, link, Footwear, Express, 58
16,28, 161, 178.3694807488521, 8, link, Footwear, Express, 58
16, 1, 195.21682739257812, 159.3136628372264, 8, link, Footwear, Express, 58
16,27, 195.21682739257812, 178.48992564188904, 8, link, Footwear, Express, 58
16, 2, 257.5838317871094, 160.23109415014585, 8, link, Footwear, Express, 58
16,26, 257.5838317871094, 179.4073569548085, 8, link, Footwear, Express, 58
16, 3, 312.7811584472656, 161.94807454024652, 8, link, Footwear, Express, 58
16,25, 312.7811584472656, 181.12433734490918, 8, link, Footwear, Express, 58
16, 4, 361.9118347167969, 164.3415964571928, 8, link, Footwear, Express, 58
16,24, 361.9118347167969, 183.51785926185545, 8, link, Footwear, Express, 58
16, 5, 426.645751953125, 168.93131567908878, 8, link, Footwear, Express, 58
16,23, 426.645751953125, 188.10757848375144, 8, link, Footwear, Express, 58
16, 6, 502.019287109375, 176.27076618244445, 8, link, Footwear, Express, 58
16,22, 502.019287109375, 195.4470289871071, 8, link, Footwear, Express, 58
16, 7, 572.980712890625, 184.10224688714237, 8, link, Footwear, Express, 58
16,21, 572.980712890625, 203.27850969180503, 8, link, Footwear, Express, 58
16, 8, 648.354248046875, 191.44169739049804, 8, link, Footwear, Express, 58
16,20, 648.354248046875, 210.6179601951607, 8, link, Footwear, Express, 58
16, 9, 713.0881652832031, 196.03141661239403, 8, link, Footwear, Express, 58
16,19, 713.0881652832031, 215.20767941705668, 8, link, Footwear, Express, 58
16, 10, 762.2188415527344, 198.4249385293403, 8, link, Footwear, Express, 58
16,18, 762.2188415527344, 217.60120133400295, 8, link, Footwear, Express, 58
16, 11, 817.4161682128906, 200.14191891944097, 8, link, Footwear, Express, 58
16,17, 817.4161682128906, 219.31818172410362, 8, link, Footwear, Express, 58
16, 12, 879.7831726074219, 201.05935023236043, 8, link, Footwear, Express, 58
16,16, 879.7831726074219, 220.23561303702309, 8, link, Footwear, Express, 58
16, 13, 914, 201.17979512539736, 8, link, Footwear, Express, 58
16,15, 914, 220.35605793006002, 8, link, Footwear, Express, 58
17, 0, 161, 178.3694807488521, 8, link, Footwear, 2, 62
17,32, 161, 198.86824443659495, 8, link, Footwear, 2, 62
17, 1, 195.21682739257812, 178.71659680214597, 8, link, Footwear, 2, 62
17,31, 195.21682739257812, 199.2153604898888, 8, link, Footwear, 2, 62
17, 2, 257.5838317871094, 181.36058716553347, 8, link, Footwear, 2, 62
17,30, 257.5838317871094, 201.8593508532763, 8, link, Footwear, 2, 62
17, 3, 312.7811584472656, 186.30883728695702, 8, link, Footwear, 2, 62
17,29, 312.7811584472656, 206.80760097469985, 8, link, Footwear, 2, 62
17, 4, 361.9118347167969, 193.20684566518028, 8, link, Footwear, 2, 62
17,28, 361.9118347167969, 213.70560935292312, 8, link, Footwear, 2, 62
17, 5, 406.0788879394531, 201.70011079896685, 8, link, Footwear, 2, 62
17,27, 406.0788879394531, 222.19887448670968, 8, link, Footwear, 2, 62
17, 6, 446.3853454589844, 211.43413118708062, 8, link, Footwear, 2, 62
17,26, 446.3853454589844, 231.93289487482346, 8, link, Footwear, 2, 62
17, 7, 502.019287109375, 227.5861058371601, 8, link, Footwear, 2, 62
17,25, 502.019287109375, 248.08486952490293, 8, link, Footwear, 2, 62
17, 8, 572.980712890625, 250.15603474920525, 8, link, Footwear, 2, 62
17,24, 572.980712890625, 270.6547984369481, 8, link, Footwear, 2, 62
17, 9, 628.6146545410156, 266.30800939928474, 8, link, Footwear, 2, 62
17,23, 628.6146545410156, 286.80677308702764, 8, link, Footwear, 2, 62
17, 10, 668.9211120605469, 276.0420297873985, 8, link, Footwear, 2, 62
17,22, 668.9211120605469, 296.5407934751414, 8, link, Footwear, 2, 62
17, 11, 713.0881652832031, 284.535294921185, 8, link, Footwear, 2, 62
17,21, 713.0881652832031, 305.0340586089279, 8, link, Footwear, 2, 62
17, 12, 762.2188415527344, 291.4333032994083, 8, link, Footwear, 2, 62
17,20, 762.2188415527344, 311.9320669871512, 8, link, Footwear, 2, 62
17, 13, 817.4161682128906, 296.3815534208318, 8, link, Footwear, 2, 62
17,19, 817.4161682128906, 316.8803171085747, 8, link, Footwear, 2, 62
17, 14, 879.7831726074219, 299.02554378421934, 8, link, Footwear, 2, 62
17,18, 879.7831726074219, 319.52430747196223, 8, link, Footwear, 2, 62
17, 15, 914, 299.3726598375132, 8, link, Footwear, 2, 62
17,17, 914, 319.8714235252561, 8, link, Footwear, 2, 62
18, 0, 161, 488.9862239491347, 9, link, Outerwear, Store Pickup, 70
18,60, 161, 512.1299894030379, 9, link, Outerwear, Store Pickup, 70
18, 1, 178.37555313110352, 488.6745852002488, 9, link, Outerwear, Store Pickup, 70
18,59, 178.37555313110352, 511.8183506541521, 9, link, Outerwear, Store Pickup, 70
18, 2, 211.54105758666992, 486.2405225510566, 9, link, Outerwear, Store Pickup, 70
18,58, 211.54105758666992, 509.38428800495984, 9, link, Outerwear, Store Pickup, 70
18, 3, 242.70732498168945, 481.52329601529044, 9, link, Outerwear, Store Pickup, 70
18,57, 242.70732498168945, 504.6670614691937, 9, link, Outerwear, Store Pickup, 70
18, 4, 272.01223373413086, 474.6803651713348, 9, link, Outerwear, Store Pickup, 70
18,56, 272.01223373413086, 497.82413062523807, 9, link, Outerwear, Store Pickup, 70
18, 5, 299.5936622619629, 465.86918959757423, 9, link, Outerwear, Store Pickup, 70
18,55, 299.5936622619629, 489.0129550514775, 9, link, Outerwear, Store Pickup, 70
18, 6, 325.5894889831543, 455.24722887239295, 9, link, Outerwear, Store Pickup, 70
18,54, 325.5894889831543, 478.3909943262962, 9, link, Outerwear, Store Pickup, 70
18, 7, 350.1375923156738, 442.9719425741754, 9, link, Outerwear, Store Pickup, 70
18,53, 350.1375923156738, 466.11570802807864, 9, link, Outerwear, Store Pickup, 70
18, 8, 373.37585067749023, 429.200790281306, 9, link, Outerwear, Store Pickup, 70
18,52, 373.37585067749023, 452.34455573520927, 9, link, Outerwear, Store Pickup, 70
18, 9, 395.44214248657227, 414.0912315721691, 9, link, Outerwear, Store Pickup, 70
18,51, 395.44214248657227, 437.23499702607234, 9, link, Outerwear, Store Pickup, 70
18, 10, 416.4743461608887, 397.80072602514923, 9, link, Outerwear, Store Pickup, 70
18,50, 416.4743461608887, 420.9444914790525, 9, link, Outerwear, Store Pickup, 70
18, 11, 436.6103401184082, 380.4867332186307, 9, link, Outerwear, Store Pickup, 70
18,49, 436.6103401184082, 403.630498672534, 9, link, Outerwear, Store Pickup, 70
18, 12, 455.9880027770996, 362.30671273099796, 9, link, Outerwear, Store Pickup, 70
18,48, 455.9880027770996, 385.4504781849012, 9, link, Outerwear, Store Pickup, 70
18, 13, 483.9342346191406, 333.7573229251755, 9, link, Outerwear, Store Pickup, 70
18,47, 483.9342346191406, 356.9010883790788, 9, link, Outerwear, Store Pickup, 70
18, 14, 519.8285827636719, 294.1299956984337, 9, link, Outerwear, Store Pickup, 70
18,46, 519.8285827636719, 317.27376115233693, 9, link, Outerwear, Store Pickup, 70
18, 15, 555.1714172363281, 253.8728301581542, 9, link, Outerwear, Store Pickup, 70
18,45, 555.1714172363281, 277.0165956120574, 9, link, Outerwear, Store Pickup, 70
18, 16, 591.0657653808594, 214.2455029314123, 9, link, Outerwear, Store Pickup, 70
18,44, 591.0657653808594, 237.3892683853155, 9, link, Outerwear, Store Pickup, 70
18, 17, 619.0119972229004, 185.6961131255899, 9, link, Outerwear, Store Pickup, 70
18,43, 619.0119972229004, 208.8398785794931, 9, link, Outerwear, Store Pickup, 70
18, 18, 638.3896598815918, 167.51609263795714, 9, link, Outerwear, Store Pickup, 70
18,42, 638.3896598815918, 190.65985809186034, 9, link, Outerwear, Store Pickup, 70
18, 19, 658.5256538391113, 150.20209983143863, 9, link, Outerwear, Store Pickup, 70
18,41, 658.5256538391113, 173.34586528534183, 9, link, Outerwear, Store Pickup, 70
18, 20, 679.5578575134277, 133.91159428441873, 9, link, Outerwear, Store Pickup, 70
18,40, 679.5578575134277, 157.05535973832193, 9, link, Outerwear, Store Pickup, 70
18, 21, 701.6241493225098, 118.8020355752819, 9, link, Outerwear, Store Pickup, 70
18,39, 701.6241493225098, 141.9458010291851, 9, link, Outerwear, Store Pickup, 70
18, 22, 724.8624076843262, 105.0308832824125, 9, link, Outerwear, Store Pickup, 70
18,38, 724.8624076843262, 128.1746487363157, 9, link, Outerwear, Store Pickup, 70
18, 23, 749.4105110168457, 92.75559698419494, 9, link, Outerwear, Store Pickup, 70
18,37, 749.4105110168457, 115.89936243809814, 9, link, Outerwear, Store Pickup, 70
18, 24, 775.4063377380371, 82.13363625901363, 9, link, Outerwear, Store Pickup, 70
18,36, 775.4063377380371, 105.27740171291686, 9, link, Outerwear, Store Pickup, 70
18, 25, 802.9877662658691, 73.32246068525296, 9, link, Outerwear, Store Pickup, 70
18,35, 802.9877662658691, 96.46622613915616, 9, link, Outerwear, Store Pickup, 70
18, 26, 832.2926750183105, 66.47952984129736, 9, link, Outerwear, Store Pickup, 70
18,34, 832.2926750183105, 89.62329529520059, 9, link, Outerwear, Store Pickup, 70
18, 27, 863.4589424133301, 61.76230330553124, 9, link, Outerwear, Store Pickup, 70
18,33, 863.4589424133301, 84.90606875943445, 9, link, Outerwear, Store Pickup, 70
18, 28, 896.6244468688965, 59.328240656339, 9, link, Outerwear, Store Pickup, 70
18,32, 896.6244468688965, 82.4720061102422, 9, link, Outerwear, Store Pickup, 70
18, 29, 914, 59.0166019074532, 9, link, Outerwear, Store Pickup, 70
18,31, 914, 82.1603673613564, 9, link, Outerwear, Store Pickup, 70
19, 0, 161, 512.1299894030379, 9, link, Outerwear, Standard, 48
19,28, 161, 528.0000000000001, 9, link, Outerwear, Standard, 48
19, 1, 195.21682739257812, 512.2447354967879, 9, link, Outerwear, Standard, 48
19,27, 195.21682739257812, 528.1147460937501, 9, link, Outerwear, Standard, 48
19, 2, 257.5838317871094, 513.1187589342879, 9, link, Outerwear, Standard, 48
19,26, 257.5838317871094, 528.9887695312501, 9, link, Outerwear, Standard, 48
19, 3, 312.7811584472656, 514.7545011217879, 9, link, Outerwear, Standard, 48
19,25, 312.7811584472656, 530.6245117187501, 9, link, Outerwear, Standard, 48
19, 4, 361.9118347167969, 517.0347745592879, 9, link, Outerwear, Standard, 48
19,24, 361.9118347167969, 532.9047851562501, 9, link, Outerwear, Standard, 48
19, 5, 426.645751953125, 521.4073331530379, 9, link, Outerwear, Standard, 48
19,23, 426.645751953125, 537.2773437500001, 9, link, Outerwear, Standard, 48
19, 6, 502.019287109375, 528.3995206530377, 9, link, Outerwear, Standard, 48
19,22, 502.019287109375, 544.2695312499999, 9, link, Outerwear, Standard, 48
19, 7, 572.980712890625, 535.8604581530377, 9, link, Outerwear, Standard, 48
19,21, 572.980712890625, 551.7304687499999, 9, link, Outerwear, Standard, 48
19, 8, 648.354248046875, 542.8526456530377, 9, link, Outerwear, Standard, 48
19,20, 648.354248046875, 558.7226562499999, 9, link, Outerwear, Standard, 48
19, 9, 713.0881652832031, 547.2252042467877, 9, link, Outerwear, Standard, 48
19,19, 713.0881652832031, 563.0952148437499, 9, link, Outerwear, Standard, 48
19, 10, 762.2188415527344, 549.5054776842877, 9, link, Outerwear, Standard, 48
19,18, 762.2188415527344, 565.3754882812499, 9, link, Outerwear, Standard, 48
19, 11, 817.4161682128906, 551.1412198717877, 9, link, Outerwear, Standard, 48
19,17, 817.4161682128906, 567.0112304687499, 9, link, Outerwear, Standard, 48
19, 12, 879.7831726074219, 552.0152433092877, 9, link, Outerwear, Standard, 48
19,16, 879.7831726074219, 567.8852539062499, 9, link, Outerwear, Standard, 48
19, 13, 914, 552.1299894030376, 9, link, Outerwear, Standard, 48
19,15, 914, 567.9999999999998, 9, link, Outerwear, Standard, 48
20, 0, 161, 471.1324620275522, 9, link, Outerwear, Next Day Air, 54
20,16, 161, 488.98622394913474, 9, link, Outerwear, Next Day Air, 54
20, 1, 227.365478515625, 470.9616287862064, 9, link, Outerwear, Next Day Air, 54
20,15, 227.365478515625, 488.81539070778894, 9, link, Outerwear, Next Day Air, 54
20, 2, 338.035888671875, 469.7286584356236, 9, link, Outerwear, Next Day Air, 54
20,14, 338.035888671875, 487.5824203572061, 9, link, Outerwear, Next Day Air, 54
20, 3, 465.435546875, 466.3194211409397, 9, link, Outerwear, Next Day Air, 54
20,13, 465.435546875, 484.17318306252224, 9, link, Outerwear, Next Day Air, 54
20, 4, 609.564453125, 460.7339169021547, 9, link, Outerwear, Next Day Air, 54
20,12, 609.564453125, 478.58767882373724, 9, link, Outerwear, Next Day Air, 54
20, 5, 736.964111328125, 457.32467960747084, 9, link, Outerwear, Next Day Air, 54
20,11, 736.964111328125, 475.1784415290534, 9, link, Outerwear, Next Day Air, 54
20, 6, 847.634521484375, 456.091709256888, 9, link, Outerwear, Next Day Air, 54
20,10, 847.634521484375, 473.94547117847054, 9, link, Outerwear, Next Day Air, 54
20, 7, 914, 455.9208760155422, 9, link, Outerwear, Next Day Air, 54
20,9, 914, 473.77463793712474, 9, link, Outerwear, Next Day Air, 54
21, 0, 161, 418.39773931472985, 9, link, Outerwear, Free Shipping, 53.5
21,56, 161, 436.0861886259273, 9, link, Outerwear, Free Shipping, 53.5
21, 1, 178.37555313110352, 418.21298507749725, 9, link, Outerwear, Free Shipping, 53.5
21,55, 178.37555313110352, 435.9014343886947, 9, link, Outerwear, Free Shipping, 53.5
21, 2, 211.54105758666992, 416.76995724563847, 9, link, Outerwear, Free Shipping, 53.5
21,54, 211.54105758666992, 434.45840655683594, 9, link, Outerwear, Free Shipping, 53.5
21, 3, 242.70732498168945, 413.9733615283704, 9, link, Outerwear, Free Shipping, 53.5
21,53, 242.70732498168945, 431.66181083956786, 9, link, Outerwear, Free Shipping, 53.5
21, 4, 272.01223373413086, 409.9165474350316, 9, link, Outerwear, Free Shipping, 53.5
21,52, 272.01223373413086, 427.60499674622906, 9, link, Outerwear, Free Shipping, 53.5
21, 5, 299.5936622619629, 404.69286447496063, 9, link, Outerwear, Free Shipping, 53.5
21,51, 299.5936622619629, 422.3813137861581, 9, link, Outerwear, Free Shipping, 53.5
21, 6, 325.5894889831543, 398.3956621574961, 9, link, Outerwear, Free Shipping, 53.5
21,50, 325.5894889831543, 416.08411146869355, 9, link, Outerwear, Free Shipping, 53.5
21, 7, 350.1375923156738, 391.11828999197644, 9, link, Outerwear, Free Shipping, 53.5
21,49, 350.1375923156738, 408.8067393031739, 9, link, Outerwear, Free Shipping, 53.5
21, 8, 373.37585067749023, 382.9540974877404, 9, link, Outerwear, Free Shipping, 53.5
21,48, 373.37585067749023, 400.6425467989379, 9, link, Outerwear, Free Shipping, 53.5
21, 9, 395.44214248657227, 373.9964341541265, 9, link, Outerwear, Free Shipping, 53.5
21,47, 395.44214248657227, 391.684883465324, 9, link, Outerwear, Free Shipping, 53.5
21, 10, 416.4743461608887, 364.33864950047337, 9, link, Outerwear, Free Shipping, 53.5
21,46, 416.4743461608887, 382.02709881167084, 9, link, Outerwear, Free Shipping, 53.5
21, 11, 446.3853454589844, 348.74344709659795, 9, link, Outerwear, Free Shipping, 53.5
21,45, 446.3853454589844, 366.4318964077954, 9, link, Outerwear, Free Shipping, 53.5
21, 12, 483.9342346191406, 326.37068135845334, 9, link, Outerwear, Free Shipping, 53.5
21,44, 483.9342346191406, 344.0591306696508, 9, link, Outerwear, Free Shipping, 53.5
21, 13, 519.8285827636719, 302.87772150824577, 9, link, Outerwear, Free Shipping, 53.5
21,43, 519.8285827636719, 320.56617081944324, 9, link, Outerwear, Free Shipping, 53.5
21, 14, 555.1714172363281, 279.011363620684, 9, link, Outerwear, Free Shipping, 53.5
21,42, 555.1714172363281, 296.69981293188147, 9, link, Outerwear, Free Shipping, 53.5
21, 15, 591.0657653808594, 255.51840377047643, 9, link, Outerwear, Free Shipping, 53.5
21,41, 591.0657653808594, 273.2068530816739, 9, link, Outerwear, Free Shipping, 53.5
21, 16, 628.6146545410156, 233.1456380323318, 9, link, Outerwear, Free Shipping, 53.5
21,40, 628.6146545410156, 250.83408734352926, 9, link, Outerwear, Free Shipping, 53.5
21, 17, 658.5256538391113, 217.55043562845646, 9, link, Outerwear, Free Shipping, 53.5
21,39, 658.5256538391113, 235.23888493965393, 9, link, Outerwear, Free Shipping, 53.5
21, 18, 679.5578575134277, 207.89265097480325, 9, link, Outerwear, Free Shipping, 53.5
21,38, 679.5578575134277, 225.58110028600072, 9, link, Outerwear, Free Shipping, 53.5
21, 19, 701.6241493225098, 198.93498764118934, 9, link, Outerwear, Free Shipping, 53.5
21,37, 701.6241493225098, 216.6234369523868, 9, link, Outerwear, Free Shipping, 53.5
21, 20, 724.8624076843262, 190.77079513695332, 9, link, Outerwear, Free Shipping, 53.5
21,36, 724.8624076843262, 208.4592444481508, 9, link, Outerwear, Free Shipping, 53.5
21, 21, 749.4105110168457, 183.49342297143374, 9, link, Outerwear, Free Shipping, 53.5
21,35, 749.4105110168457, 201.18187228263122, 9, link, Outerwear, Free Shipping, 53.5
21, 22, 775.4063377380371, 177.19622065396916, 9, link, Outerwear, Free Shipping, 53.5
21,34, 775.4063377380371, 194.88466996516664, 9, link, Outerwear, Free Shipping, 53.5
21, 23, 802.9877662658691, 171.97253769389818, 9, link, Outerwear, Free Shipping, 53.5
21,33, 802.9877662658691, 189.66098700509565, 9, link, Outerwear, Free Shipping, 53.5
21, 24, 832.2926750183105, 167.91572360055935, 9, link, Outerwear, Free Shipping, 53.5
21,32, 832.2926750183105, 185.60417291175682, 9, link, Outerwear, Free Shipping, 53.5
21, 25, 863.4589424133301, 165.11912788329124, 9, link, Outerwear, Free Shipping, 53.5
21,31, 863.4589424133301, 182.80757719448872, 9, link, Outerwear, Free Shipping, 53.5
21, 26, 896.6244468688965, 163.6761000514325, 9, link, Outerwear, Free Shipping, 53.5
21,30, 896.6244468688965, 181.36454936263, 9, link, Outerwear, Free Shipping, 53.5
21, 27, 914, 163.49134581419992, 9, link, Outerwear, Free Shipping, 53.5
21,29, 914, 181.1797951253974, 9, link, Outerwear, Free Shipping, 53.5
22, 0, 161, 436.0861886259273, 9, link, Outerwear, Express, 55
22,52, 161, 454.27057576827985, 9, link, Outerwear, Express, 55
22, 1, 178.37555313110352, 435.959423931611, 9, link, Outerwear, Express, 55
22,51, 178.37555313110352, 454.14381107396355, 9, link, Outerwear, Express, 55
22, 2, 211.54105758666992, 434.96932495074077, 9, link, Outerwear, Express, 55
22,50, 211.54105758666992, 453.1537120930933, 9, link, Outerwear, Express, 55
22, 3, 242.70732498168945, 433.05050778835334, 9, link, Outerwear, Express, 55
22,49, 242.70732498168945, 451.2348949307059, 9, link, Outerwear, Express, 55
22, 4, 272.01223373413086, 430.2670219742086, 9, link, Outerwear, Express, 55
22,48, 272.01223373413086, 448.45140911656114, 9, link, Outerwear, Express, 55
22, 5, 299.5936622619629, 426.6829170380663, 9, link, Outerwear, Express, 55
22,47, 299.5936622619629, 444.86730418041884, 9, link, Outerwear, Express, 55
22, 6, 325.5894889831543, 422.3622425096863, 9, link, Outerwear, Express, 55
22,46, 325.5894889831543, 440.54662965203886, 9, link, Outerwear, Express, 55
22, 7, 350.1375923156738, 417.3690479188284, 9, link, Outerwear, Express, 55
22,45, 350.1375923156738, 435.55343506118095, 9, link, Outerwear, Express, 55
22, 8, 373.37585067749023, 411.76738279525244, 9, link, Outerwear, Express, 55
22,44, 373.37585067749023, 429.951769937605, 9, link, Outerwear, Express, 55
22, 9, 406.0788879394531, 402.36411120739143, 9, link, Outerwear, Express, 55
22,43, 406.0788879394531, 420.54849834974397, 9, link, Outerwear, Express, 55
22, 10, 446.3853454589844, 388.29456450348823, 9, link, Outerwear, Express, 55
22,42, 446.3853454589844, 406.47895164584077, 9, link, Outerwear, Express, 55
22, 11, 483.9342346191406, 372.94402720438893, 9, link, Outerwear, Express, 55
22,41, 483.9342346191406, 391.12841434674147, 9, link, Outerwear, Express, 55
22, 12, 519.8285827636719, 356.82489554817204, 9, link, Outerwear, Express, 55
22,40, 519.8285827636719, 375.00928269052457, 9, link, Outerwear, Express, 55
22, 13, 555.1714172363281, 340.44956577291595, 9, link, Outerwear, Express, 55
22,39, 555.1714172363281, 358.6339529152685, 9, link, Outerwear, Express, 55
22, 14, 591.0657653808594, 324.33043411669905, 9, link, Outerwear, Express, 55
22,38, 591.0657653808594, 342.5148212590516, 9, link, Outerwear, Express, 55
22, 15, 628.6146545410156, 308.97989681759975, 9, link, Outerwear, Express, 55
22,37, 628.6146545410156, 327.1642839599523, 9, link, Outerwear, Express, 55
22, 16, 668.9211120605469, 294.91035011369655, 9, link, Outerwear, Express, 55
22,36, 668.9211120605469, 313.0947372560491, 9, link, Outerwear, Express, 55
22, 17, 701.6241493225098, 285.5070785258356, 9, link, Outerwear, Express, 55
22,35, 701.6241493225098, 303.69146566818813, 9, link, Outerwear, Express, 55
22, 18, 724.8624076843262, 279.90541340225957, 9, link, Outerwear, Express, 55
22,34, 724.8624076843262, 298.0898005446121, 9, link, Outerwear, Express, 55
22, 19, 749.4105110168457, 274.91221881140166, 9, link, Outerwear, Express, 55
22,33, 749.4105110168457, 293.0966059537542, 9, link, Outerwear, Express, 55
22, 20, 775.4063377380371, 270.5915442830217, 9, link, Outerwear, Express, 55
22,32, 775.4063377380371, 288.7759314253742, 9, link, Outerwear, Express, 55
22, 21, 802.9877662658691, 267.0074393468794, 9, link, Outerwear, Express, 55
22,31, 802.9877662658691, 285.1918264892319, 9, link, Outerwear, Express, 55
22, 22, 832.2926750183105, 264.22395353273464, 9, link, Outerwear, Express, 55
22,30, 832.2926750183105, 282.4083406750872, 9, link, Outerwear, Express, 55
22, 23, 863.4589424133301, 262.3051363703472, 9, link, Outerwear, Express, 55
22,29, 863.4589424133301, 280.48952351269975, 9, link, Outerwear, Express, 55
22, 24, 896.6244468688965, 261.31503738947697, 9, link, Outerwear, Express, 55
22,28, 896.6244468688965, 279.4994245318295, 9, link, Outerwear, Express, 55
22, 25, 914, 261.1882726951607, 9, link, Outerwear, Express, 55
22,27, 914, 279.37265983751325, 9, link, Outerwear, Express, 55
23, 0, 161, 454.27057576827985, 9, link, Outerwear, 2, 51
23,32, 161, 471.13246202755215, 9, link, Outerwear, 2, 51
23, 1, 195.21682739257812, 454.0007420805646, 9, link, Outerwear, 2, 51
23,31, 195.21682739257812, 470.8626283398369, 9, link, Outerwear, 2, 51
23, 2, 257.5838317871094, 451.9454131400953, 9, link, Outerwear, 2, 51
23,30, 257.5838317871094, 468.8072993993676, 9, link, Outerwear, 2, 51
23, 3, 312.7811584472656, 448.0988478045799, 9, link, Outerwear, 2, 51
23,29, 312.7811584472656, 464.9607340638522, 9, link, Outerwear, 2, 51
23, 4, 361.9118347167969, 442.7366209040258, 9, link, Outerwear, 2, 51
23,28, 361.9118347167969, 459.5985071632981, 9, link, Outerwear, 2, 51
23, 5, 406.0788879394531, 436.1343072684399, 9, link, Outerwear, 2, 51
23,27, 406.0788879394531, 452.9961935277122, 9, link, Outerwear, 2, 51
23, 6, 446.3853454589844, 428.5674817278292, 9, link, Outerwear, 2, 51
23,26, 446.3853454589844, 445.4293679871015, 9, link, Outerwear, 2, 51
23, 7, 502.019287109375, 416.01160353563233, 9, link, Outerwear, 2, 51
23,25, 502.019287109375, 432.87348979490463, 9, link, Outerwear, 2, 51
23, 8, 572.980712890625, 398.46667269184917, 9, link, Outerwear, 2, 51
23,24, 572.980712890625, 415.32855895112147, 9, link, Outerwear, 2, 51
23, 9, 628.6146545410156, 385.9107944996523, 9, link, Outerwear, 2, 51
23,23, 628.6146545410156, 402.7726807589246, 9, link, Outerwear, 2, 51
23, 10, 668.9211120605469, 378.3439689590416, 9, link, Outerwear, 2, 51
23,22, 668.9211120605469, 395.2058552183139, 9, link, Outerwear, 2, 51
23, 11, 713.0881652832031, 371.7416553234557, 9, link, Outerwear, 2, 51
23,21, 713.0881652832031, 388.603541582728, 9, link, Outerwear, 2, 51
23, 12, 762.2188415527344, 366.3794284229016, 9, link, Outerwear, 2, 51
23,20, 762.2188415527344, 383.2413146821739, 9, link, Outerwear, 2, 51
23, 13, 817.4161682128906, 362.5328630873862, 9, link, Outerwear, 2, 51
23,19, 817.4161682128906, 379.3947493466585, 9, link, Outerwear, 2, 51
23, 14, 879.7831726074219, 360.4775341469169, 9, link, Outerwear, 2, 51
23,18, 879.7831726074219, 377.3394204061892, 9, link, Outerwear, 2, 51
23, 15, 914, 360.20770045920165, 9, link, Outerwear, 2, 51
23,17, 914, 377.06958671847394, 9, link, Outerwear, 2, 51
